allwords,Carrie,uniquedeirelated,534
lesson,,FALSE,
designed,,FALSE,
introduce,,FALSE,
re,,FALSE,
students,JEDI,FALSE,
importance,,FALSE,
diversity,JEDI,TRUE,
science,,FALSE,
well,,FALSE,
help,,FALSE,
humanize,JEDI,FALSE,
researchers,,FALSE,
used,,FALSE,
active,JEDI,FALSE,
learning,,FALSE,
make,,FALSE,
teaching,,FALSE,
classroom,,FALSE,
activities,,FALSE,
inclusive,JEDI,TRUE,
possible,,FALSE,
see,,FALSE,
challenged,,FALSE,
uncover,,FALSE,
understandings,,FALSE,
can,,FALSE,
research,,FALSE,
time,,FALSE,
allowing,,FALSE,
learn,,FALSE,
area,,FALSE,
particularly,,FALSE,
interested,,FALSE,
directly,,FALSE,
approached,,FALSE,
questions,,FALSE,
bias,JEDI,TRUE,
inclusion,JEDI,TRUE,
stem,,FALSE,
discussions,,FALSE,
reflecting,JEDI,FALSE,
social,JEDI,FALSE,
aspects,,FALSE,
education,,FALSE,
related,,FALSE,
interests,JEDI,FALSE,
interviews,,FALSE,
asked,,FALSE,
personal,JEDI,FALSE,
journeys,JEDI,FALSE,
struggles,JEDI,FALSE,
uncovered,,FALSE,
elements,,FALSE,
humanity,JEDI,FALSE,
faculty,,FALSE,
instructors,,FALSE,
might,,FALSE,
not,,FALSE,
otherwise,,FALSE,
learned,,FALSE,
student,,FALSE,
engagement,JEDI,TRUE,
facilitated,,FALSE,
ensure,,FALSE,
able,,FALSE,
contribute,,FALSE,"""enables students to contribute"" - no. 1, ""Because every student participates, this inclusion helps shy students voice their opinions when it is their turn to contribute"" - no. 27, ""students are contributing...student contributions...group contributions"" - no. 30, no. 106 (talks about acesibility and contribution)"
verbally,,FALSE,
think,,FALSE,
pair,,FALSE,
share,,FALSE,
writing,,FALSE,
via,,FALSE,
quick,,FALSE,
writes,,FALSE,
variety,,FALSE,
different,,FALSE,
roles,,FALSE,
producing,,FALSE,
giving,,FALSE,
feedback,,FALSE,
revising,,FALSE,
within,,FALSE,
small,,FALSE,
groups,,FALSE,
intended,,FALSE,
participate,,FALSE,
fully,JEDI,FALSE,
using,,FALSE,
skills,,FALSE,
strengths,JEDI,FALSE,
accordance,,FALSE,
principles,,FALSE,
laid,,FALSE,
kimberly,,FALSE,
tanner,,FALSE,
employed,,FALSE,
low,,FALSE,
stakes,,FALSE,
collaborative,JEDI,TRUE,
strategies,,FALSE,
facilitate,,FALSE,
group,,FALSE,
work,,FALSE,
careful,,FALSE,
sure,,FALSE,
conceived,,FALSE,
norms,,FALSE,
applied,,FALSE,
revisited,,FALSE,
throughout,,FALSE,
course,,FALSE,
especially,,FALSE,
important,,FALSE,
equity,JEDI,TRUE,
introduced,,FALSE,
challenging,,FALSE,
descriptions,,FALSE,
gender,JEDI,FALSE,
racial,JEDI,TRUE,
encountered,,FALSE,
choice,,FALSE,
interest,JEDI,FALSE,
drive,,FALSE,
motivation,JEDI,FALSE,
ownership,,FALSE,
wide,,FALSE,
range,,FALSE,
topics,,FALSE,
explore,,FALSE,
anything,,FALSE,
fell,,FALSE,
flexible,,FALSE,
rubric,,FALSE,
natural,,FALSE,
including,,FALSE,
physical,,FALSE,
life,,FALSE,
sciences,,FALSE,
based,,FALSE,
scientific,,FALSE,
formed,,FALSE,
previous,,FALSE,
worked,,FALSE,
thus,,FALSE,
became,,FALSE,
immediately,,FALSE,
clear,,FALSE,
participants,,FALSE,
explicitly,,FALSE,
addresses,,FALSE,
identity,JEDI,TRUE,
plays,,FALSE,
scientists,,FALSE,
lives,JEDI,FALSE,
participation,,FALSE,
explored,,FALSE,
still,,FALSE,
universal,JEDI,FALSE,"""universal design"" - no. 100, ""universal design principles"" - no. 136, ""universal design for learning principles"" - no. 148, ""Universal Design for Learning (UDL)"" no. 246, Udl 3.4, 7.1, 7.3 - no. 254,"
providing,,FALSE,
also,,FALSE,
gained,,FALSE,
agency,JEDI,FALSE,
self,,FALSE,
efficacy,JEDI,FALSE,
exploration,,FALSE,
inherent,,FALSE,
plan,,FALSE,
acknowledge,,FALSE,
prohibitively,,FALSE,
difficult,,FALSE,
extracurricular,,FALSE,
pressures,,FALSE,
responsibilities,,FALSE,
commutes,JEDI,FALSE,
family,JEDI,FALSE,
therefore,,FALSE,
recommend,,FALSE,
smaller,,FALSE,
rather,,FALSE,
larger,,FALSE,
better,,FALSE,
find,,FALSE,
times,,FALSE,
meet,,FALSE,
outside,,FALSE,
class,,FALSE,
forming,,FALSE,
heterogeneity,,FALSE,
mind,,FALSE,
levels,,FALSE,
experience,,FALSE,
competency,,FALSE,
regard,,FALSE,
subject,,FALSE,
matter,,FALSE,
underrepresented,JEDI,TRUE,
backgrounds,JEDI,TRUE,
identities,JEDI,TRUE,
whenever,,FALSE,
one,,FALSE,
representative,,FALSE,
background,JEDI,TRUE,
prevent,,FALSE,
feelings,JEDI,FALSE,
isolation,JEDI,FALSE,
poppitmeiosis,,FALSE,
adaptable,,FALSE,
curricula,,FALSE,
widest,,FALSE,
circumstances,,FALSE,
lecture,,FALSE,
seminar,,FALSE,
laboratory,,FALSE,
setting,,FALSE,
home,,FALSE,
situation,,FALSE,
employs,,FALSE,
instructional,,FALSE,
materials,,FALSE,
easily,,FALSE,
widely,,FALSE,
available,,FALSE,
pace,,FALSE,
depth,,FALSE,
depending,,FALSE,
individual,JEDI,TRUE,
needs,JEDI,FALSE,""" In terms of assessments, the small homework assignments are designed to help the students gather and organize the information that needs to be incorporated into the lab report.."" - no. 185, ""while setting up the experiment, instructors must keep in mind time constraints, transportation needs, and mobility limitations that might affect students"" - no. 176, ""Lastly, the instructor needs to make sure that the individualized feedback that the students receive on both of the formative assessments is thoughtful, constructive, and well-explained."" - no. 150"
abilities,JEDI,TRUE,
styles,,FALSE,
encourages,JEDI,FALSE,
understanding,,FALSE,
chromosomes,,FALSE,
meiosis,,FALSE,
challenge,,FALSE,
generations,,FALSE,
educators,,FALSE,
hands,JEDI,FALSE,
approach,,FALSE,
inviting,,FALSE,
virtually,,FALSE,
offers,,FALSE,
ways,,FALSE,
quickly,,FALSE,
engage,JEDI,TRUE,
material,,FALSE,
hand,,FALSE,
encouraged,,FALSE,
talk,,FALSE,
listen,JEDI,FALSE,
interact,JEDI,FALSE,
task,,FALSE,
naturally,,FALSE,
creates,,FALSE,
atmosphere,JEDI,FALSE,
improves,,FALSE,
thereby,,FALSE,
enhances,,FALSE,
appreciation,,FALSE,"""PoppitMeiosis thus naturally creates an atmosphere that improves understanding of meiosis and thereby enhances appreciation of the significance of meiosis"" - no. 285, "" This course is taught under the context of microevolution and does not infringe on religious beliefs related to macroevolution. Finally, by discussing how diversity provides source material upon which natural selection can act, the course content fosters appreciation for the value of existing diversity in a population for the overall fitness of that species."" - no. 263, no. 41"
significance,,FALSE,
relates,,FALSE,
sexually,,FALSE,
reproducing,,FALSE,
organisms,,FALSE,
plants,,FALSE,
animals,,FALSE,
humans,JEDI,FALSE,
approachable,,FALSE,
accessible,JEDI,TRUE,
broad,,FALSE,
learners,,FALSE,
order,,FALSE,
expose,,FALSE,
high,,FALSE,
throughput,,FALSE,
datasets,,FALSE,
potential,,FALSE,
case,,FALSE,
studies,,FALSE,
adapted,,FALSE,
courses,,FALSE,
formats,,FALSE,
implemented,,FALSE,
series,,FALSE,
handouts,,FALSE,
formatted,,FALSE,
ada,JEDI,FALSE,
accessibility,JEDI,TRUE,
screen,JEDI,FALSE,
reader,,FALSE,
friendly,JEDI,FALSE,
provide,,FALSE,
worksheets,,FALSE,
editable,,FALSE,
electronic,,FALSE,
documents,,FALSE,
google,,FALSE,
docs,,FALSE,
encourage,JEDI,FALSE,
collaboratively,JEDI,TRUE,
often,,FALSE,
asynchronously,,FALSE,
contributions,,FALSE,
several,,FALSE,
multiple,,FALSE,
responses,,FALSE,
foster,JEDI,FALSE,
productive,,FALSE,
methodology,,FALSE,
future,,FALSE,
experiments,,FALSE,
prompting,,FALSE,
critically,JEDI,FALSE,
technologies,,FALSE,
example,,FALSE,
supporting,,FALSE,"""See Supporting File S3"" - no. 284, ""See Supporting File S3"" - no. 268, "" to avoid supporting misconceptions related to heteronormative behaviors during sexual selection (4-8)"" - no. 267, ""Supporting File"" (2x) - no. 221, ""Supporting File"" (3x) - no. 210, ""Supporting File S1"" - no. 211, ""Supporting File S1. Active Learning Workshop – Worksheet"" (2x) - no. 203, ""Supporting File"" (3x) - no. 199, ""Supporting File"" - no. 189, ""Supporting File"" (6x) - no. 166, ""Supporting File"" - no. 165, ""Supporting File"" (6x) - no.164, ""Supporting File"" - no. 162, ""Supporting File"" (3x) - no. 159, ""Using supporting matErials resources provided"" - no. 148, ""Supporting File"" (6x) - no. 143, ""supporting file"" - no. 139, ""supporting file"" - no. 131, ""Supporting files"" - No. 121, ""Supporting file"" (2X) - no. 111, ""Supporting file"" - no. 77, ""Supporting material"" (2x) - no. 62, ""supporting file"" - no. 40"
file,,FALSE,
organelle,,FALSE,
shape,,FALSE,
notes,,FALSE,
additionally,,FALSE,
administration,,FALSE,
accomplished,JEDI,FALSE,
centered,,FALSE,
techniques,,FALSE,
whip,,FALSE,
around,,FALSE,
promote,JEDI,FALSE,
assignments,,FALSE,
use,,FALSE,
databases,,FALSE,
resources,,FALSE,
quantitative,,FALSE,
allow,,FALSE,
submit,,FALSE,
completed,,FALSE,
cases,,FALSE,
alternative,,FALSE,
audio,,FALSE,
video,,FALSE,
files,,FALSE,
provides,,FALSE,
authentic,JEDI,FALSE,
opportunities,JEDI,FALSE,
embedded,,FALSE,
curriculum,,FALSE,
many,,FALSE,
summer,,FALSE,
demanding,,FALSE,
highly,,FALSE,
competitive,,FALSE,
less,,FALSE,
due,,FALSE,
obligations,JEDI,FALSE,
school,,FALSE,
attitudes,JEDI,FALSE,
toward,,FALSE,
preferences,,FALSE,
lab,,FALSE,
computational,,FALSE,
data,,FALSE,
analysis,,FALSE,
prior,,FALSE,
knowledge,,FALSE,
together,JEDI,FALSE,
teams,JEDI,FALSE,
involves,,FALSE,
investigating,,FALSE,
plant,,FALSE,
genetics,,FALSE,
topic,,FALSE,
frequently,,FALSE,
omitted,,FALSE,
attempting,,FALSE,
address,,FALSE,
awareness,JEDI,FALSE,
disparity,JEDI,FALSE,
lack,,FALSE,
college,,FALSE,
biology,,FALSE,
discuss,,FALSE,
observe,,FALSE,
investigate,,FALSE,
genetic,,FALSE,
maize,,FALSE,
lines,,FALSE,
connections,,TRUE,
human,JEDI,FALSE,
populations,,FALSE,
write,,FALSE,
works,,FALSE,
assignment,,FALSE,
assistants,,FALSE,
gives,,FALSE,
needed,,FALSE,
tools,,FALSE,
given,,FALSE,
building,,FALSE,
fair,JEDI,FALSE,
integrate,,FALSE,
culturally,JEDI,TRUE,
diverse,JEDI,TRUE,
relevant,JEDI,FALSE,
examples,,FALSE,
sars,,FALSE,
cov,,FALSE,
protein,,FALSE,
responsible,,FALSE,
covid,,FALSE,
disease,,FALSE,
pandemic,,FALSE,
molecular,,FALSE,
modeling,,FALSE,
interrogate,,FALSE,
structure,,FALSE,
main,,FALSE,
domain,,FALSE,
spike,,FALSE,
interaction,,FALSE,
infectivity,,FALSE,
virus,,FALSE,
monitoring,,FALSE,
behavior,,FALSE,
cultivate,,FALSE,
divergent,JEDI,FALSE,
biological,,FALSE,
thinking,,FALSE,
ask,,FALSE,
open,,FALSE,
ended,,FALSE,
contained,,FALSE,
answers,,FALSE,
vary,,FALSE,
assessed,,FALSE,
clarity,,FALSE,
explanation,,FALSE,
communication,,FALSE,
promoting,,FALSE,
emphasized,,FALSE,
visualization,,FALSE,
academic,,FALSE,
industrial,,FALSE,
efforts,,FALSE,
structures,,FALSE,
receptor,,FALSE,
project,,FALSE,
experts,,FALSE,
identify,,TRUE,
therapeutic,,FALSE,
interventions,,FALSE,
large,,FALSE,
classrooms,,FALSE,
random,,FALSE,
call,,FALSE,
increase,,FALSE,
inclusivity,JEDI,TRUE,
belonging,JEDI,TRUE,
first,,FALSE,
day,,FALSE,
strategy,,FALSE,
referencing,,FALSE,
eddy,,FALSE,
brownell,,FALSE,
wenderoth,,FALSE,
finding,,FALSE,
males,,FALSE,
volunteer,,FALSE,
females,,FALSE,
threatening,,FALSE,
structured,,FALSE,
process,,FALSE,
following,,FALSE,
outlined,,FALSE,
waugh,,FALSE,
andrews,,FALSE,
question,,FALSE,
language,,FALSE,
asking,,FALSE,
answer,,FALSE,
x,remove,FALSE,
discussing,,FALSE,
thoughts,,FALSE,
frame,,FALSE,
start,,FALSE,
discussion,,FALSE,
assessment,,FALSE,
particular,,FALSE,
extreme,,FALSE,
anxiety,JEDI,FALSE,
opt,,FALSE,
list,,FALSE,
assign,,FALSE,
credit,,FALSE,
answering,,FALSE,
accurately,,FALSE,
refer,,FALSE,
pre,remove,FALSE,
survey,,FALSE,
obtain,,FALSE,
preferred,,FALSE,
name,,FALSE,
pronoun,JEDI,FALSE,
support,,FALSE,
issues,,FALSE,
short,,FALSE,
unscripted,,FALSE,
statements,,FALSE,
reinforce,,FALSE,
rightful,JEDI,FALSE,
presence,JEDI,FALSE,
intrinsic,,FALSE,
value,JEDI,FALSE,
openly,,FALSE,
feel,,FALSE,
imposter,JEDI,FALSE,
syndrome,,FALSE,
seek,,FALSE,
study,,FALSE,
staff,,FALSE,
shared,,FALSE,
stories,JEDI,FALSE,
feeling,JEDI,FALSE,
like,,FALSE,
failure,JEDI,FALSE,
normalize,,FALSE,
fact,,FALSE,
struggle,JEDI,FALSE,
succeed,JEDI,FALSE,
positive,,FALSE,
continued,,FALSE,
institution,,FALSE,
service,,FALSE,
contract,,FALSE,
poll,,FALSE,
everywhere,,FALSE,
free,,FALSE,
access,JEDI,TRUE,
polling,,FALSE,
software,,FALSE,
equitable,JEDI,TRUE,
option,,FALSE,
simply,,FALSE,
raise,,FALSE,
index,,FALSE,
cards,,FALSE,
letters,,FALSE,
colors,,FALSE,
card,,FALSE,
indicates,,FALSE,
selection,,FALSE,
drawback,,FALSE,
method,,FALSE,
stigmatize,JEDI,FALSE,
incorrect,,FALSE,
may,,FALSE,
lose,,FALSE,
sense,,FALSE,
activity,,FALSE,
independent,,FALSE,
major,,FALSE,
blend,,FALSE,
hearing,,FALSE,
deaf,JEDI,FALSE,
hard,,FALSE,
d,remove,FALSE,
hh,remove,FALSE,
supported,JEDI,FALSE,
campus,,FALSE,
services,,FALSE,
include,,FALSE,
sign,,FALSE,
interpreters,JEDI,FALSE,
real,,FALSE,
captionists,JEDI,FALSE,
targeted,,FALSE,
generation,,FALSE,
early,,FALSE,
instructions,,FALSE,
modeled,,FALSE,
environment,,FALSE,
individuals,JEDI,TRUE,
disabilities,JEDI,TRUE,
puzzle,,FALSE,
includes,,FALSE,
two,,FALSE,
guesser,,FALSE,
teller,,FALSE,
allowed,,FALSE,
select,,FALSE,
role,,FALSE,
comfortable,JEDI,FALSE,
intervention,,FALSE,
supports,,FALSE,
development,,FALSE,
metacognitive,,FALSE,
aware,,FALSE,
reasoning,,FALSE,
intersect,,FALSE,
included,,FALSE,
controversial,JEDI,FALSE,
lead,,FALSE,
cultural,JEDI,TRUE,
political,JEDI,FALSE,
discussed,,FALSE,
hydrofracking,,FALSE,
pros,,FALSE,
cons,,FALSE,
extracting,,FALSE,
energy,,FALSE,
shifts,,FALSE,
rural,,FALSE,
urban,,FALSE,
differences,JEDI,FALSE,
viewed,,FALSE,
information,,FALSE,
utility,,FALSE,
safety,JEDI,FALSE,
presented,,FALSE,
respectful,JEDI,FALSE,
listening,JEDI,FALSE,
incorporated,JEDI,FALSE,
helps,JEDI,FALSE,
community,JEDI,FALSE,
JEDI,,FALSE,
exchange,,FALSE,
ideas,,FALSE,
collaboration,JEDI,TRUE,
randomized,,FALSE,
hear,,FALSE,
perspectives,JEDI,TRUE,
usually,,FALSE,
paper,,FALSE,
women,JEDI,FALSE,
considered,,FALSE,
current,,FALSE,
addition,,FALSE,
context,,FALSE,
described,,FALSE,
norway,,FALSE,
instructor,,FALSE,
whether,,FALSE,
holds,,FALSE,
classes,,FALSE,
observations,,FALSE,
implications,,FALSE,
sparked,,FALSE,
debate,,FALSE,
sexism,JEDI,FALSE,
prepare,,FALSE,
stressing,,FALSE,
strive,,FALSE,
create,,FALSE,
environments,JEDI,FALSE,
everyone,JEDI,FALSE,
contributing,JEDI,FALSE,
no,,FALSE,
subjective,,FALSE,
opinion,,FALSE,
posed,,FALSE,
provided,,FALSE,
binary,JEDI,FALSE,
variable,,FALSE,
however,,FALSE,
ethics,JEDI,TRUE,
nature,,FALSE,
something,,FALSE,
addressed,,FALSE,
prepared,,FALSE,
politicized,,FALSE,
issue,,FALSE,
note,,FALSE,
researcher,,FALSE,
uses,,FALSE,
mean,,FALSE,
sex,JEDI,FALSE,"""diversity that exists in gender identity and sexual determination in human populations with the goal of increasing students' awareness, empathy, and sensitivity towards all people"" - no. 38, ""We strongly recommend that instructors pay special attention to the diversity of those who have contributed to the field. From Ada Lovelace, the woman who wrote the first computer program, through the tragic arc of Alan Turing's life and punishment for his sexuality, to the current diversity of contributors in the field of bioinformatics, there are many examples to choose from"" - no. 22, 17 (humanization) , 13 (discussion about identity and gender), 111"
government,,FALSE,
healthcare,,FALSE,
facilities,,FALSE,
collected,,FALSE,
now,,FALSE,
assumes,,FALSE,
values,,FALSE,
male,JEDI,FALSE,"maleness 13, femaleness, 281, 278, 207, 206, 200, 38  "
female,JEDI,FALSE,similar to above
meaning,,FALSE,
actually,,FALSE,
recommended,,FALSE,
niblse,,FALSE,
varied,,FALSE,
goal,,FALSE,
introductory,,FALSE,
assist,,FALSE,
little,,FALSE,
bioinformatics,,FALSE,
expertise,,FALSE,
integration,,FALSE,
effort,,FALSE,
incubators,,FALSE,
fmns,,FALSE,
encouraging,JEDI,FALSE,
traditional,,FALSE,
argumentation,,FALSE,
module,,FALSE,
big,,FALSE,
relevance,,FALSE,
single,,FALSE,
right,JEDI,FALSE," 90, 175, 177?, 253, 256, 276        (brightly 27) (rightful 281)"
emerges,,FALSE,
invites,,FALSE,
privilege,JEDI,FALSE,
sharing,JEDI,FALSE,
modes,,FALSE,
assessments,,FALSE,
allows,,FALSE,
display,,FALSE,
knowing,,FALSE,
whole,,FALSE,
creating,,FALSE,
funds,,FALSE,
gain,,FALSE,
visibility,JEDI,FALSE,276
without,,FALSE,
driven,,FALSE,
interpretations,,FALSE,
invisible,,FALSE,
consideration,,FALSE,
design,,FALSE,
nearly,,FALSE,
regardless,,FALSE,
income,JEDI,FALSE,
level,,FALSE,
living,JEDI,FALSE,
arrangement,,FALSE,
versus,,FALSE,
inexpensive,JEDI,FALSE,
kitchen,,FALSE,
ingredients,,FALSE,
need,JEDI,FALSE,
instrument,,FALSE,
smartphone,,FALSE,
digital,,FALSE,
camera,,FALSE,
consider,,FALSE,
flours,,FALSE,
culinary,,FALSE,
traditions,JEDI,FALSE,
cultures,JEDI,TRUE,
sequences,,FALSE,
glutenin,,FALSE,
proteins,,FALSE,
analogues,,FALSE,
domesticated,,FALSE,
grains,,FALSE,
found,,FALSE,
uniprot,,FALSE,
connection,JEDI,TRUE,"106, 174 (relevant),  140, 147, 201 & 274 (humanizing), (connections 267, 264 255, 249, 179, 172, 155, 129)"
cooking,,FALSE,
food,,FALSE,
crops,,FALSE,
makes,,FALSE,
engaging,JEDI,TRUE,
relatable,JEDI,FALSE,
disciplines,,FALSE,
nutrition,,FALSE,
agricultural,,TRUE,
emphasis,,FALSE,
tactile,JEDI,FALSE,
opposed,,FALSE,
visual,JEDI,FALSE,
auditory,JEDI,FALSE,
sensory,JEDI,FALSE,
input,,FALSE,
helpful,,FALSE,
impairments,JEDI,FALSE,
benefit,,FALSE,
subtitling,,FALSE,
narration,,FALSE,
videos,,FALSE,
deemed,,FALSE,
appropriate,,FALSE,
jigsaw,,FALSE,
leverages,,FALSE,
opportunity,JEDI,FALSE,
aspect,,FALSE,
story,,FALSE,
confer,,FALSE,
peers,,FALSE,
expert,,FALSE,
conference,,FALSE,
step,,FALSE,
enables,,FALSE,
varying,,FALSE,
demonstrate,,FALSE,
others,,FALSE,
exercise,,FALSE,
illustrates,,FALSE,
uncertainty,,FALSE,
gallery,,FALSE,
walk,,FALSE,
simulates,,FALSE,
brief,,FALSE,
poster,,FALSE,
session,,FALSE,
practice,,FALSE,
scientist,,FALSE,
increases,,FALSE,
differentiating,,FALSE,
content,,FALSE,
reach,,FALSE,
types,,FALSE,
capture,,FALSE,
attention,,FALSE,
kinesthetic,,FALSE,
lectures,,FALSE,
contain,,FALSE,
images,,FALSE,
written,,FALSE,
instruction,,FALSE,
amongst,,FALSE,
accommodating,JEDI,FALSE,
stony,,FALSE,
brook,,FALSE,
university,,FALSE,
consists,,FALSE,
population,,FALSE,
divide,,TRUE,
diversified,JEDI,TRUE,
freely,,FALSE,
picking,,FALSE,
called,,FALSE,
wheel,,FALSE,
decide,,FALSE,
utilize,,FALSE,
tool,,FALSE,
avoids,,FALSE,
biases,JEDI,TRUE,
welcomed,JEDI,FALSE,
establish,,FALSE,
etiquette,,FALSE,
similar,,FALSE,
suggested,,FALSE,
emphasize,,FALSE,
expected,,FALSE,
another,,FALSE,
judgement,,FALSE,
manner,,FALSE,
ice,,FALSE,
breaker,,FALSE,
catch,,FALSE,
ball,,FALSE,
threw,,FALSE,
imaginary,,FALSE,
caught,,FALSE,
turn,,FALSE,
hobbies,JEDI,FALSE,
goals,,FALSE,
suggest,,FALSE,
familiarize,,FALSE,
means,,FALSE,
successful,,FALSE,
posted,,FALSE,
blackboard,,FALSE,
timely,,FALSE,
fashion,,FALSE,
afterwards,,FALSE,
equal,JEDI,FALSE,
technology,,FALSE,
copies,,FALSE,
protocols,,FALSE,
hold,,FALSE,
office,,FALSE,
hours,,FALSE,
request,,FALSE,
boards,,FALSE,
everybody,,FALSE,
moreover,,FALSE,
obtained,,FALSE,
difficulties,,FALSE,
receive,,FALSE,
extra,,FALSE,
guidance,,FALSE,
ensures,,FALSE,
reaching,,FALSE,
ensuring,,FALSE,
drug,,FALSE,
compare,,FALSE,
experiences,,FALSE,
factors,,FALSE,
therapy,,FALSE,
protocol,,FALSE,
assigned,,FALSE,
taking,,FALSE,
regular,,FALSE,
medication,,FALSE,
schedules,,FALSE,
appreciate,,FALSE,
even,,FALSE,
rest,,FALSE,
recently,,FALSE,
response,,FALSE,
speaking,,FALSE,
friends,,FALSE,
public,JEDI,FALSE,
hiv,,FALSE,
aids,,FALSE,
interactions,,FALSE,
united,,FALSE,
states,,FALSE,
disproportionally,,FALSE,
affects,,FALSE,
members,,FALSE,
lgbtq,JEDI,FALSE,
black,JEDI,FALSE,
african,JEDI,FALSE,
american,JEDI,FALSE,
hispanic,JEDI,TRUE,
latino,JEDI,FALSE,
communities,JEDI,TRUE,
reveals,,FALSE,
impact,JEDI,TRUE,
report,,FALSE,
aims,,FALSE,
highlight,,FALSE,
virtual,,FALSE,
workshop,,FALSE,
professional,,FALSE,
audience,,FALSE,
emerging,,FALSE,
sessions,,FALSE,
days,,FALSE,
offered,,FALSE,
charge,,FALSE,
made,,FALSE,
economically,JEDI,FALSE,
geographically,JEDI,FALSE,
institutionally,,FALSE,
cohort,,FALSE,
proceedings,,FALSE,
cost,,FALSE,
effective,,FALSE,
readily,,FALSE,
incorporate,,FALSE,
crispr,,FALSE,
institutions,,FALSE,
vision,JEDI,FALSE,
loss,,FALSE,
almost,,FALSE,
entirely,,FALSE,
text,,FALSE,
image,,FALSE,
alt,JEDI,FALSE,
tags,,FALSE,
outs,,FALSE,
extroverts,JEDI,FALSE,
introverts,JEDI,FALSE,
formulate,,FALSE,
reasoned,,FALSE,
broadly,,FALSE,
applicable,,FALSE,
produce,,FALSE,
reports,,FALSE,
citations,,FALSE,
suggests,,FALSE,
prone,,FALSE,
plagiarism,,FALSE,
native,JEDI,FALSE,
focuses,,FALSE,
practices,,FALSE,
graded,,FALSE,
correct,,FALSE,
grading,,FALSE,
policy,,FALSE,
concerned,,FALSE,
grade,,FALSE,
opinions,,FALSE,
unique,,FALSE,
combat,,FALSE,
various,,FALSE,
societal,JEDI,FALSE,
challenges,,FALSE,
conservation,,FALSE,
climate,,FALSE,
change,,FALSE,
respecting,JEDI,FALSE,
taught,,FALSE,
disagreed,,FALSE,
regarding,,FALSE,
biodiversity,,TRUE,
losses,,FALSE,
amount,,FALSE,
mass,,FALSE,
extinction,,FALSE,
event,,FALSE,
held,,FALSE,
differing,,FALSE,
views,JEDI,FALSE,
despite,,FALSE,
remained,,FALSE,
receptive,,FALSE,
viewpoints,,FALSE,
remind,,FALSE,
semester,,FALSE,
guidelines,,FALSE,
behaviors,,FALSE,
socioeconomic,JEDI,FALSE,
economic,JEDI,FALSE,
barriers,JEDI,TRUE,
required,,FALSE,
purchase,,FALSE,
textbooks,,FALSE,
supplementary,,FALSE,
answered,,FALSE,
slides,,FALSE,
require,,FALSE,
acknowledged,,FALSE,
present,,FALSE,
marjorie,,FALSE,
courtenay,,FALSE,
latimer,,FALSE,
woman,JEDI,FALSE,
museum,,FALSE,
curators,,FALSE,
preserving,,FALSE,
coelacanth,,FALSE,
specimen,,FALSE,
slide,,FALSE,
highlighting,,FALSE,
finally,,FALSE,
achieve,,FALSE,
desired,,FALSE,
objectives,,FALSE,
diagrams,,FALSE,
similarly,,FALSE,
key,,FALSE,
concepts,,FALSE,
terms,,FALSE,
flashy,,FALSE,
birds,,FALSE,
indicate,,FALSE,
bird,,FALSE,
sexes,,FALSE,
characterized,,FALSE,
coloration,,FALSE,
distinct,,FALSE,
patterns,,FALSE,
complicated,,FALSE,
song,,FALSE,
mating,,FALSE,
rituals,,FALSE,
subdued,,FALSE,
vibrant,,FALSE,
simpler,,FALSE,
flashier,,FALSE,
wanted,,FALSE,
species,,FALSE,
follow,,FALSE,
trend,,FALSE,
tend,,FALSE,
influence,,FALSE,
avoid,,FALSE,
misconceptions,,FALSE,
heteronormative,JEDI,FALSE,
sexual,,FALSE,
encounter,,FALSE,
daily,,FALSE,
encompasses,,FALSE,
modalities,,FALSE,
senses,,FALSE,
accomplish,,FALSE,
tasks,,FALSE,
dough,,FALSE,
oral,,FALSE,
models,,FALSE,
end,,FALSE,
period,,FALSE,
requires,,FALSE,
collaborate,JEDI,TRUE,
form,,FALSE,
novel,,FALSE,
incorporates,,FALSE,
solve,,FALSE,
crossword,,FALSE,
puzzles,,FALSE,
play,,FALSE,
findings,,FALSE,
entire,,FALSE,
mechanical,,FALSE,
complete,,FALSE,
escape,,FALSE,
room,,FALSE,
express,,FALSE,
creativity,JEDI,FALSE,
strong,,FALSE,
evolutionary,,FALSE,
biologists,,FALSE,
asks,,FALSE,
biodiversify,,TRUE,
website,,FALSE,
summarize,,FALSE,
three,,FALSE,
things,,FALSE,
chosen,,FALSE,
biologist,,FALSE,
zoom,,FALSE,
breakout,,FALSE,
rooms,,FALSE,
approval,,FALSE,
progressing,,FALSE,
next,,FALSE,
illustrate,,FALSE,
parasitology,,FALSE,
involve,,FALSE,
health,,FALSE,
wealth,,FALSE,
model,,FALSE,
world,,FALSE,
ecology,,FALSE,
evolution,,FALSE,
unit,,FALSE,
diseases,,FALSE,
hookworm,,FALSE,
malaria,,FALSE,
ecological,,FALSE,
amphibian,,FALSE,
chytrid,,FALSE,
fungus,,FALSE,
disproportionately,,FALSE,
affect,,FALSE,
people,,FALSE,
tropical,,FALSE,
regions,,FALSE,
global,,FALSE,
south,,FALSE,
counteract,,FALSE,
harmful,,FALSE,
pervasive,,FALSE,
stereotypes,JEDI,FALSE,
associate,,FALSE,
parasite,,FALSE,
risk,,FALSE,
markers,,FALSE,
certain,,FALSE,
invoke,,FALSE,
colonialist,JEDI,FALSE,
assumptions,,FALSE,
infrastructure,,FALSE,
affected,,FALSE,
problems,,FALSE,
wherever,,FALSE,
focused,,FALSE,
intertwining,,FALSE,
ample,,FALSE,
kind,,FALSE,
reflect,,FALSE,
intersections,JEDI,FALSE,
socio,JEDI,FALSE,
framework,,FALSE,
link,,FALSE,
infection,,FALSE,
anemia,,FALSE,
impaired,JEDI,FALSE,
cognitive,,FALSE,
illustrated,,FALSE,
charles,,FALSE,
stiles,,FALSE,
announcement,,FALSE,
discovery,,FALSE,
germ,,FALSE,
laziness,,FALSE,
southeast,,FALSE,
subsequent,,FALSE,
initiatives,,FALSE,
funded,,FALSE,
john,,FALSE,
rockefeller,,FALSE,
page,,FALSE,
narrative,,FALSE,
conveys,,FALSE,
historical,,FALSE,
events,,FALSE,
commonly,,FALSE,
tacitly,,FALSE,
reinforces,,FALSE,
ignores,,FALSE,
messaging,,FALSE,
spread,,FALSE,
racist,JEDI,FALSE,
classist,JEDI,FALSE,
ideologies,JEDI,FALSE,
popular,,FALSE,
culture,JEDI,TRUE,
integrating,,FALSE,
explicit,,FALSE,
discoveries,,FALSE,
interpretation,,FALSE,
constructing,,FALSE,
narratives,,FALSE,
come,,FALSE,
motivations,,FALSE,
working,,FALSE,
mixed,,FALSE,
forms,,FALSE,
among,,FALSE,
known,,FALSE,
someone,,FALSE,
cancer,,FALSE,
game,,FALSE,
metastatic,,FALSE,
mastery,,FALSE,
way,,FALSE,
minimizes,,FALSE,
discomfort,,FALSE,
non,,FALSE,
gendered,JEDI,FALSE,
pronouns,JEDI,FALSE,
central,,FALSE,
character,,FALSE,
facilitates,,FALSE,
inquiry,,FALSE,
mini,,FALSE,
noted,,FALSE,
competence,,FALSE,
numerous,,FALSE,
formative,,FALSE,
drafts,,FALSE,
analyses,,FALSE,
furthermore,,FALSE,
transparency,,FALSE,
shown,,FALSE,
improve,,FALSE,
success,,FALSE,
marginalized,JEDI,TRUE,
keeping,,FALSE,
detailed,,FALSE,
rubrics,,FALSE,
serve,,FALSE,
guides,JEDI,FALSE,
mentors,JEDI,FALSE,
coming,,FALSE,
place,,FALSE,
absolute,,FALSE,
holders,,FALSE,
authority,JEDI,FALSE,
empowered,JEDI,FALSE,
decisions,,FALSE,
choosing,,FALSE,
mutant,,FALSE,
strains,,FALSE,
primary,,FALSE,
journal,,FALSE,
articles,,FALSE,
generated,,FALSE,
take,,FALSE,
peer,,FALSE,
led,,FALSE,
mentored,JEDI,FALSE,
enrolled,,FALSE,
develop,,FALSE,
duquesne,,FALSE,
granting,,FALSE,
experimental,,FALSE,
procedures,,FALSE,
adaptations,,FALSE,
accommodate,,FALSE,
increased,,FALSE,
microorganisms,,FALSE,
microevolution,,FALSE,
infringe,JEDI,FALSE,
religious,JEDI,FALSE,
beliefs,JEDI,FALSE,
macroevolution,,FALSE,
source,,FALSE,
upon,,FALSE,
act,,FALSE,
fosters,,FALSE,
existing,,FALSE,
overall,,FALSE,
fitness,,FALSE,
rely,,FALSE,
creation,,FALSE,
part,,FALSE,
type,,FALSE,
stages,,FALSE,
visualizations,,FALSE,
drawing,,FALSE,
preparing,,FALSE,
summary,,FALSE,
long,,FALSE,
limit,,FALSE,
drawings,,FALSE,
communicate,,FALSE,
ownerships,JEDI,FALSE,
comfort,,FALSE,
groupwork,,FALSE,
randomly,,FALSE,
shuffled,,FALSE,
basis,,FALSE,
effect,,FALSE,
increasing,,FALSE,
hidden,,FALSE,
problem,,FALSE,
solving,,FALSE,
specific,,FALSE,
equally,JEDI,FALSE,
distributed,,FALSE,
emerge,,FALSE,
effects,,FALSE,
believed,JEDI,FALSE,
introduces,,FALSE,
conversations,,FALSE,
pesticides,,FALSE,
integral,,FALSE,
everyday,,FALSE,
introduction,,FALSE,
interesting,,FALSE,
point,,FALSE,
foods,,FALSE,
preference,,FALSE,
pesticide,,FALSE,
computer,,FALSE,
microsoft,,FALSE,
excel,,FALSE,
internet,,FALSE,
limited,,FALSE,
recent,,FALSE,
transition,,FALSE,
online,,FALSE,
schools,,FALSE,
normally,,FALSE,
computers,,FALSE,
wifi,,FALSE,
hotspots,,FALSE,
labs,,FALSE,
coursework,,FALSE,
doc,,FALSE,
sheet,,FALSE,
gmail,,FALSE,
account,,FALSE,
view,,FALSE,
dataset,,FALSE,
going,,FALSE,
across,,FALSE,
personality,,FALSE,
actively,JEDI,FALSE,
path,,FALSE,
projects,,FALSE,
wish,,FALSE,
designing,,FALSE,
testing,,FALSE,
locations,,FALSE,
making,,FALSE,
media,,FALSE,
swab,,FALSE,
surfaces,,FALSE,
athletic,,FALSE,
test,,FALSE,
agar,,FALSE,
medias,,FALSE,
concentrations,,FALSE,
sugar,,FALSE,
apply,,FALSE,
applies,,FALSE,
careers,,FALSE,
much,,FALSE,
likely,,FALSE,
stick,,FALSE,
oriented,,FALSE,
handout,,FALSE,
pooling,,FALSE,
exclusion,JEDI,FALSE,
common,,FALSE,
section,,FALSE,
tips,,FALSE,
modify,,FALSE,
reduce,,FALSE,
phenomenon,,FALSE,
radiation,,FALSE,
dna,,FALSE,
damaging,,FALSE,
agent,,FALSE,
nuclear,,FALSE,
incidents,,TRUE,
globe,,FALSE,
term,,FALSE,
damage,,FALSE,
collect,,FALSE,
measurements,,FALSE,
compiled,,FALSE,
analyze,,FALSE,
review,,FALSE,
chance,,FALSE,
get,,FALSE,
training,,FALSE,
currently,,FALSE,
performed,,FALSE,
since,,FALSE,
spent,,FALSE,
undergraduate,,FALSE,
transfers,,FALSE,
methods,,FALSE,
visually,,FALSE,
ruler,,FALSE,
perform,,FALSE,
pollinations,,FALSE,
impression,,FALSE,
growing,,FALSE,
stage,,FALSE,
exams,,FALSE,
speak,,FALSE,
initial,,FALSE,
exam,,FALSE,
ideal,,FALSE,
respect,JEDI,FALSE,
every,,FALSE,
offer,,FALSE,
either,,FALSE,
confusion,,FALSE,
rotating,,FALSE,
member,JEDI,FALSE,
facilitator,JEDI,FALSE,
treated,JEDI,FALSE,
confidence,JEDI,FALSE,
cooperative,JEDI,FALSE,
implements,,FALSE,
choices,,FALSE,
sort,,FALSE,
individually,JEDI,TRUE,
enabling,,FALSE,
engaged,JEDI,TRUE,
discourage,JEDI,FALSE,
determine,,FALSE,
recorder,,FALSE,
presenter,,FALSE,
timekeeper,,FALSE,
accountability,JEDI,TRUE,
positions,,FALSE,
rotate,,FALSE,
takes,,FALSE,
enrollment,,FALSE,
determined,,FALSE,
four,,FALSE,
la,,FALSE,
positioned,,FALSE,
physically,,FALSE,
sit,,FALSE,
element,,FALSE,
camaraderie,JEDI,FALSE,
familiarity,,FALSE,
developing,,FALSE,
seating,,FALSE,
arrangements,,FALSE,
areas,,FALSE,
concert,,FALSE,
las,,FALSE,
arrange,,FALSE,
modified,,FALSE,
dd,,FALSE,
graduate,,FALSE,
ta,,FALSE,
ratio,,FALSE,
professor,,FALSE,
trained,,FALSE,
maintains,,FALSE,
safe,,FALSE,
articulated,,FALSE,
expectations,,FALSE,
predicated,,FALSE,
consensus,,FALSE,
wrong,,FALSE,
concludes,,FALSE,
deliberating,,FALSE,
agreed,,FALSE,
recommendation,,FALSE,
assigns,,FALSE,
piece,,FALSE,
evidence,,FALSE,
informs,,FALSE,
recognize,,FALSE,
sensitive,,FALSE,
deliberations,,FALSE,
proposed,,FALSE,
solutions,,FALSE,
civilly,,FALSE,
respectfully,JEDI,FALSE,
voice,,FALSE,
alert,,FALSE,
complications,,FALSE,
inappropriate,JEDI,FALSE,
arises,,FALSE,
developed,,FALSE,
largely,,FALSE,
stand,,FALSE,
alone,,FALSE,
enough,,FALSE,
prelude,,FALSE,
identified,,TRUE,"Some are in context, some are irrelevant  "
implementing,,FALSE,
device,,FALSE,
blast,,FALSE,
ncbi,,FALSE,
history,,FALSE,
traits,,FALSE,
assistance,,FALSE,
appeal,,FALSE,
improving,,FALSE,
processing,,FALSE,
helping,,FALSE,
nucleotide,,FALSE,
organismal,,FALSE,
alternatively,,FALSE,
typical,,FALSE,
extend,,FALSE,
paced,,FALSE,
initially,,FALSE,
upload,,FALSE,
subjected,,FALSE,
guide,,FALSE,
customizable,,FALSE,
presentation,,FALSE,
interpreting,,FALSE,
simulation,,FALSE,
results,,FALSE,
etc,,FALSE,
ultimately,,FALSE,
udl,JEDI,FALSE,
board,,FALSE,
minimizing,,FALSE,
threats,JEDI,FALSE,
distractions,,FALSE,
quieter,,FALSE,
heard,,FALSE,
asynchronous,,FALSE,
portion,,FALSE,
parts,,FALSE,
flexibility,JEDI,FALSE,
guided,,FALSE,
fill,,FALSE,
options,,FALSE,
comprehension,,FALSE,
maximize,,FALSE,
transfer,,FALSE,
generalization,,FALSE,
post,,FALSE,
posts,,FALSE,
respond,,FALSE,
craft,,FALSE,
synchronous,,FALSE,
cover,,FALSE,
comic,,FALSE,
complex,,FALSE,
photosynthesis,,FALSE,
intimidating,,FALSE,
leaders,,FALSE,
moderators,,FALSE,
yet,,FALSE,
placement,,FALSE,
consent,,FALSE,
final,,FALSE,
products,,FALSE,
platform,,FALSE,
conceal,,FALSE,
agree,,FALSE,
names,,FALSE,
alternate,,FALSE,
refuse,,FALSE,
release,,FALSE,
tutorials,,FALSE,
reference,,FALSE,
minimize,,FALSE,
stress,,FALSE,
web,,FALSE,
gui,,FALSE,
format,,FALSE,
aim,,FALSE,
towards,,FALSE,
conceptual,,FALSE,
choose,,FALSE,
mentoring,JEDI,FALSE,
remote,,FALSE,
suited,,FALSE,
expensive,JEDI,FALSE,
systems,,FALSE,
nor,,FALSE,
speed,,FALSE,
although,,FALSE,
microbiome,,FALSE,
quite,,FALSE,
download,,FALSE,
done,,FALSE,
cyverse,,FALSE,
connected,JEDI,TRUE,https://doi.org/10.24918/cs.2020.20
subway,,FALSE,
processes,,FALSE,
run,,FALSE,
decreasing,,FALSE,
dependence,,FALSE,
reliable,,FALSE,
connectivity,,TRUE,
job,,FALSE,
started,,FALSE,
runs,,FALSE,
logged,,FALSE,
onto,,FALSE,
eliminates,,FALSE,
memory,,FALSE,
requirements,,FALSE,
successfully,,FALSE,
browser,,FALSE,
remain,,FALSE,
relating,,FALSE,
adequate,,FALSE,
tackles,,FALSE,
differently,,FALSE,
incorporating,,FALSE,
ranacapa,,FALSE,
hypothesis,,FALSE,
print,,FALSE,
resulting,,FALSE,
graphs,,FALSE,
figures,,FALSE,
along,,FALSE,
show,,FALSE,
hardcopies,,FALSE,
disseminated,,FALSE,
tutorial,,FALSE,
interpret,,FALSE,
graph,,FALSE,
go,,FALSE,
steps,,FALSE,
outcomes,,FALSE,
technical,,FALSE,
attempts,,FALSE,
acknowledges,,FALSE,
utilizing,,FALSE,
narrow,,FALSE,
achievement,,FALSE,
gaps,,FALSE,
second,,FALSE,
midwestern,,FALSE,
met,,FALSE,
countries,,FALSE,
selecting,,FALSE,
japanese,,FALSE,
contribution,,FALSE,
third,,FALSE,
cooper,,FALSE,
et,,FALSE,
al,,FALSE,
revealed,,FALSE,
unproductive,,FALSE,
mitigate,,FALSE,
suggestions,,FALSE,
expressed,,FALSE,
concerns,,FALSE,
measures,,FALSE,
alleviate,,FALSE,
know,,FALSE,
ahead,,FALSE,
expect,,FALSE,
partners,,FALSE,
cold,,FALSE,
fourth,,FALSE,
wanting,,FALSE,
circulated,,FALSE,
solo,,FALSE,
join,,FALSE,
said,,FALSE,
yes,,FALSE,
introductions,JEDI,FALSE,
nearby,,FALSE,
introducing,,FALSE,
literature,,FALSE,
ability,,TRUE,"Some are technical, some are neutral, some are related..."
read,,FALSE,
perceptions,,FALSE,
benefits,,FALSE,
set,,FALSE,
suggesting,,FALSE,
aid,,FALSE,
diversify,JEDI,TRUE,
field,,FALSE,
immunology,,FALSE,
lessons,,FALSE,
educational,,FALSE,
color,JEDI,FALSE,
veterans,JEDI,FALSE,
compensatory,,FALSE,
gains,,FALSE,
compared,,FALSE,
white,JEDI,FALSE,
completion,,FALSE,
career,,FALSE,
impactful,JEDI,TRUE,
retention,JEDI,TRUE,
historically,,FALSE,
maximizes,,FALSE,
colleges,,FALSE,
majority,,FALSE,
brings,,FALSE,
year,,FALSE,
democratizes,JEDI,FALSE,
replace,,FALSE,
integrated,,FALSE,
pathway,JEDI,FALSE,
accesses,JEDI,TRUE,
far,,FALSE,
special,,FALSE,
cures,,FALSE,
diversifying,JEDI,TRUE,
built,,FALSE,
core,,FALSE,
pedagogy,,FALSE,
fostering,,FALSE,
de,,FALSE,
risking,,FALSE,
importantly,,FALSE,
unlike,,FALSE,
undergraduates,,FALSE,
reus,,FALSE,
remove,,FALSE,
barrier,JEDI,TRUE,
underserved,JEDI,TRUE,
overcome,,FALSE,
seas,,FALSE,
cure,,FALSE,
excellent,,FALSE,
ranging,,FALSE,
advanced,,FALSE,
fate,,FALSE,
corals,,FALSE,
warming,,FALSE,
begin,,FALSE,
ecosystem,,FALSE,
dimensions,,FALSE,
coral,,FALSE,
reef,,FALSE,
decline,,FALSE,
compelling,,FALSE,
urgent,,FALSE,
grasp,,FALSE,
complexity,,FALSE,
demands,,FALSE,
ethnicity,JEDI,TRUE,
religion,JEDI,FALSE,
status,JEDI,FALSE,
ares,,FALSE,
physiological,,FALSE,
cellular,,FALSE,
scales,,FALSE,
impacts,JEDI,TRUE,
anthropogenic,,FALSE,
empower,JEDI,FALSE,
must,,FALSE,
intentional,,FALSE,
demonstrating,,FALSE,
teamwork,JEDI,FALSE,
conflict,,FALSE,
management,,FALSE,
objective,,FALSE,
reflective,JEDI,FALSE,
valued,JEDI,FALSE,
component,,FALSE,
approaches,,FALSE,
resource,,FALSE,
wishing,,FALSE,
eberly,,FALSE,
center,,FALSE,
carnegie,,FALSE,
mellon,,FALSE,
team,JEDI,FALSE,
interdependence,,FALSE,
valuing,JEDI,FALSE,
cultivating,JEDI,FALSE,
scaffolded,JEDI,FALSE,
base,,FALSE,
build,,FALSE,
foundation,,FALSE,
reason,,FALSE,
pla,,FALSE,
sea,,FALSE,
system,,FALSE,
familiarizing,,FALSE,
simple,,FALSE,
culturing,JEDI,TRUE,
symbiotic,,FALSE,
beginning,,FALSE,
scaffold,,FALSE,
tackle,,FALSE,
intractable,,FALSE,
scaffolding,,FALSE,
vital,,FALSE,
adapting,,FALSE,
reassured,,FALSE,
reasonable,,FALSE,
reassures,,FALSE,
robust,,FALSE,
abundance,,FALSE,
enzyme,,FALSE,
studied,,FALSE,
graphed,,FALSE,
carefully,,FALSE,
analyzed,,FALSE,
gel,,FALSE,
week,,FALSE,
qualitative,,FALSE,
discipline,,FALSE,
graphing,,FALSE,
preparation,,FALSE,
reduced,,FALSE,
simplified,,FALSE,
purification,,FALSE,
table,,FALSE,
eliminated,,FALSE,
attempt,,FALSE,
bring,,FALSE,
extensive,,FALSE,
availability,,TRUE,
collection,,FALSE,
advice,,FALSE,
e,,FALSE,
o,,FALSE,
wilson,,FALSE,
young,,FALSE,
technologist,,FALSE,
teacher,,FALSE,
whatever,,FALSE,
mathematics,,FALSE,
exists,,FALSE,
mathematical,,FALSE,
excellence,,FALSE,
p,,FALSE,
bacterial,,FALSE,
physiology,,FALSE,
microbiology,,FALSE,
majors,,FALSE,
enrolls,,FALSE,
sometimes,,FALSE,
engineering,,FALSE,
medical,,FALSE,
programs,,FALSE,
junior,,FALSE,
senior,,FALSE,
respects,JEDI,FALSE,
race,JEDI,TRUE,
nationality,JEDI,FALSE,
english,JEDI,FALSE,"""English Language Learners"" - no. 167"
possibly,,FALSE,
sisters,,FALSE,
concept,,FALSE,
indigenous,JEDI,FALSE,
book,,FALSE,
braiding,,FALSE,
sweetgrass,,FALSE,
kimmerer,,FALSE,
citizen,,FALSE,
potawatomi,JEDI,FALSE,
nation,,FALSE,
medicine,,FALSE,
communicates,,FALSE,
gap,,FALSE,
thereof,,FALSE,
deliberate,,FALSE,
pedagogical,,FALSE,
promoted,,FALSE,
dewsbury,,FALSE,
brame,,FALSE,
empathy,JEDI,FALSE,
always,,FALSE,
connect,,TRUE,
showing,,FALSE,
gratitude,JEDI,FALSE,
prompts,,FALSE,
canvas,,FALSE,
compatible,,FALSE,
devices,,FALSE,
smart,,FALSE,
phones,,FALSE,
tablets,,FALSE,
alternatives,,FALSE,
contrast,,FALSE,
readers,,FALSE,
contains,,FALSE,
properly,,FALSE,
organized,,FALSE,
heading,,FALSE,
elect,,FALSE,
printed,,FALSE,
versions,,FALSE,
multicultural,JEDI,TRUE,
grateful,JEDI,FALSE,
patient,JEDI,FALSE,
jill,,FALSE,
viles,,FALSE,
searches,,FALSE,
mutation,,FALSE,
underlies,,FALSE,
muscular,,FALSE,
dystrophy,,FALSE,
formal,,FALSE,
cause,,FALSE,
correctly,,FALSE,
hypothesizes,,FALSE,
olympic,,FALSE,
athlete,,FALSE,
priscilla,,FALSE,
lopes,,FALSE,
schliep,,FALSE,
gene,,FALSE,
journey,,FALSE,
doctors,,FALSE,
demonstrates,,FALSE,
anybody,,FALSE,
pursue,,FALSE,
illustrative,,FALSE,
acutely,,FALSE,
expand,,FALSE,
ethical,JEDI,TRUE,
beyond,,FALSE,
optional,,FALSE,
definition,,FALSE,
disability,JEDI,TRUE,
extremely,,FALSE,
beneficial,,FALSE,
persistence,,FALSE,
develops,,FALSE,
generates,,FALSE,
favorable,,FALSE,
reviewed,,FALSE,
perceive,,FALSE,
strengthens,JEDI,FALSE,
empirical,,FALSE,
theoretical,,FALSE,
ethnically,JEDI,TRUE,
homogenous,,FALSE,
leveraging,,FALSE,
evaluate,,FALSE,
hypotheses,,FALSE,
phenomena,,FALSE,
highlighted,,FALSE,
voices,JEDI,FALSE,
gave,,FALSE,
credibility,,FALSE,
moved,,FALSE,
away,,FALSE,
strictly,,FALSE,
style,,FALSE,
learner,,FALSE,
components,,FALSE,
completing,,FALSE,
features,,FALSE,
characteristics,,FALSE,
meant,,FALSE,
dynamics,,FALSE,
agenda,,FALSE,
space,,FALSE,
criteria,,FALSE,
shows,,FALSE,
paused,,FALSE,
slowed,,FALSE,
zoomed,,FALSE,
sped,,FALSE,
technique,,FALSE,
close,,FALSE,
angle,,FALSE,
detail,,FALSE,
closed,,FALSE,
captions,JEDI,FALSE,
transcript,JEDI,FALSE,
added,,FALSE,
former,,FALSE,
demonstrators,,FALSE,
consistency,,FALSE,
emphasizes,,FALSE,
application,,FALSE,
toxicant,,FALSE,
unfamiliar,,FALSE,
memorization,,FALSE,
relying,,FALSE,
rote,,FALSE,
composed,,FALSE,
discrete,,FALSE,
modules,,FALSE,
iterative,,FALSE,
improvement,,FALSE,
fields,,FALSE,
inherently,,FALSE,
fundamentally,,FALSE,
theme,,FALSE,
revolve,,FALSE,
intra,,FALSE,
intraspecific,,FALSE,
interspecific,,FALSE,
generalize,,FALSE,
specifically,,FALSE,
care,,FALSE,
paired,,FALSE,
clinical,,FALSE,
trials,,FALSE,
treatment,,FALSE,
administered,,FALSE,
allometry,,FALSE,
focus,,FALSE,
hypo,,FALSE,
allometric,,FALSE,
growth,,FALSE,
brain,,FALSE,
heart,,FALSE,
leaves,,FALSE,
surrounding,,FALSE,
homes,,FALSE,
neighborhoods,,FALSE,
restricted,,FALSE,
motor,,FALSE,
impairment,,FALSE,
delegate,,FALSE,
microscope,,FALSE,
caliper,,FALSE,
limitations,,FALSE,
quizzes,,FALSE,
assess,,FALSE,
laptop,,FALSE,
laboratories,,FALSE,
borrowed,,FALSE,
library,,FALSE,
entry,,FALSE,
behind,,FALSE,
animal,,FALSE,
exercises,,FALSE,
exposed,,FALSE,
virulence,,FALSE,
adaptability,,TRUE,
adapt,,FALSE,
listed,,FALSE,
action,,FALSE,
items,,FALSE,
lot,,FALSE,
necessary,,FALSE,
populated,,FALSE,
roster,,FALSE,
juniors,,FALSE,
seniors,,FALSE,
advisable,,FALSE,
fundamental,,FALSE,
equipped,,FALSE,
printers,,FALSE,
easy,,FALSE,
minorities,JEDI,FALSE,
quiet,,FALSE,
devise,,FALSE,
mixing,,FALSE,
circles,,FALSE,
reading,,FALSE,
selected,,FALSE,
psl,,FALSE,
typically,,FALSE,
seeks,,FALSE,
asset,,FALSE,
matrix,,FALSE,
box,,FALSE,
conclusions,,FALSE,
occurred,,FALSE,
becoming,,FALSE,
easier,,FALSE,
fear,,FALSE,
volunteers,,FALSE,
force,,FALSE,
strip,,FALSE,
sequence,,FALSE,
favor,,FALSE,
state,,FALSE,
intention,JEDI,FALSE,
received,,FALSE,
accustomed,,FALSE,
though,,FALSE,
concise,,FALSE,
intellectual,,FALSE,
minimally,,FALSE,
elicited,,FALSE,
cultivates,JEDI,FALSE,
heavily,,FALSE,
utilized,,FALSE,
intentionally,,FALSE,
meaningful,JEDI,FALSE,
classmates,,FALSE,
eases,,FALSE,
anxieties,JEDI,FALSE,
uncomfortable,JEDI,FALSE,
generally,,FALSE,
submitted,,FALSE,
environmental,,FALSE,
burdens,,FALSE,
associated,,FALSE,
emailing,,FALSE,
photo,,FALSE,
independently,,FALSE,
minute,,FALSE,
highlights,,FALSE,
moments,,FALSE,
instead,,FALSE,
perspective,JEDI,TRUE,
personally,,FALSE,
presentations,,FALSE,
expression,,FALSE,
appears,,FALSE,
fun,,FALSE,
stockwell,,FALSE,
give,,FALSE,
ias,,FALSE,
directions,,FALSE,
person,,FALSE,
version,,FALSE,
let,,FALSE,
sitting,,FALSE,
desks,,FALSE,
prefer,,FALSE,
front,,FALSE,
nervous,,FALSE,
spontaneously,,FALSE,
ia,,FALSE,
projecting,,FALSE,
worry,,FALSE,
represent,,FALSE,
skill,,FALSE,
severe,,FALSE,
record,,FALSE,
look,,FALSE,
worksheet,,FALSE,
offering,,FALSE,
participates,,FALSE,
result,,FALSE,
multifaceted,,FALSE,
documentary,,FALSE,
created,,FALSE,
evenly,,FALSE,
divides,JEDI,TRUE,
labor,,FALSE,
past,,FALSE,
eddie,,FALSE,
hogan,,FALSE,
greatly,,FALSE,
reduces,,FALSE,
continuing,,FALSE,
changing,,FALSE,
videoconferencing,,FALSE,
normalizes,JEDI,FALSE,
welcoming,JEDI,FALSE,
lgbtqia,JEDI,FALSE,
engages,JEDI,TRUE,
becomes,,FALSE,
builds,,FALSE,
reflection,,FALSE,
mixture,,FALSE,
pairing,,FALSE,
hoped,,FALSE,
decrease,,FALSE,
code,,FALSE,
r,,FALSE,
explain,,FALSE,
screensharing,,FALSE,
general,,FALSE,
critical,JEDI,FALSE,
helped,,FALSE,
impartial,,FALSE,
coding,,FALSE,
laptops,,FALSE,
strives,,FALSE,
shifting,,FALSE,
requiring,,FALSE,
already,,FALSE,
loaded,,FALSE,
ms,,FALSE,
sheets,,FALSE,
contact,,FALSE,
specialist,,FALSE,
recommendations,,FALSE,
accommodations,JEDI,FALSE,
program,,FALSE,
manages,,FALSE,
spreadsheets,,FALSE,
photograph,,FALSE,
ideally,,FALSE,
mobile,,FALSE,
tablet,,FALSE,
satellite,,FALSE,
inaturalist,,FALSE,
accounts,,FALSE,
prohibited,,FALSE,
unavailable,,FALSE,
cameras,,FALSE,
uploaded,,FALSE,
loaned,,FALSE,
useful,,FALSE,
check,,FALSE,
departments,,FALSE,
difference,,FALSE,
taken,,FALSE,
geolocations,,FALSE,
automatic,,FALSE,
phone,,FALSE,
columns,,FALSE,
observation,,FALSE,
number,,FALSE,
location,,FALSE,
partner,JEDI,FALSE,
burden,,FALSE,
maintain,,FALSE,
anonymity,JEDI,FALSE,
fulfill,,FALSE,
database,,FALSE,
restrictions,,FALSE,
applications,,FALSE,
revealing,,FALSE,
identifying,,TRUE,
email,,FALSE,
controlled,,FALSE,
granted,,FALSE,
monitor,,FALSE,
passwords,,FALSE,
improper,,FALSE,
observed,,FALSE,
adjustment,,FALSE,
continue,,FALSE,
lifelong,,FALSE,
observers,,FALSE,
mindful,,FALSE,
comments,,FALSE,
violation,JEDI,FALSE,
ferpa,JEDI,FALSE,
regulations,,FALSE,
deleting,,FALSE,
local,,FALSE,
scale,,FALSE,
scope,,FALSE,
contributes,,FALSE,
reciprocally,,FALSE,
extends,,FALSE,
broader,,FALSE,
habitat,,FALSE,
want,,FALSE,
represents,,FALSE,
just,,FALSE,
parks,,FALSE,
recreation,,FALSE,
become,,FALSE,
supplemental,,FALSE,
divisive,,FALSE,
produced,,FALSE,
supplementation,,FALSE,
deficits,,FALSE,
equalizing,JEDI,FALSE,
anecdotally,,FALSE,
minoritized,JEDI,FALSE,
introverted,,FALSE,
participated,,FALSE,
anonymous,,FALSE,
influences,,FALSE,
stigmas,JEDI,FALSE,
pressure,JEDI,FALSE,
align,,FALSE,
emulation,,FALSE,
best,,FALSE,
verbal,,FALSE,
storytelling,JEDI,FALSE,
settings,,FALSE,
reflections,,FALSE,
enzymes,,FALSE,
familiar,,FALSE,
objects,,FALSE,
plastic,,FALSE,
bricks,,FALSE,
substrates,,FALSE,
kinetics,,FALSE,
conducting,,FALSE,
observer,,FALSE,
abled,JEDI,FALSE,
involved,,FALSE,
enjoyed,JEDI,FALSE,
seeing,,FALSE,
orally,,FALSE,
teach,,FALSE,
combined,,FALSE,
supplemented,,FALSE,
greater,,FALSE,
minority,JEDI,FALSE,
serving,,FALSE,
msis,JEDI,FALSE,
effectively,,FALSE,
links,,FALSE,
achieving,,FALSE,
stated,,FALSE,
syllabus,,FALSE,
bioactive,,FALSE,
compounds,,FALSE,
transitioning,,FALSE,
enacted,,FALSE,
sufficient,,FALSE,
experiment,,FALSE,
statistical,,FALSE,
weeks,,FALSE,
homework,,FALSE,
followed,,FALSE,
demonstration,,FALSE,
improvements,,FALSE,
grow,,FALSE,
centering,,FALSE,
simultaneous,,FALSE,
accountable,,FALSE,
new,,FALSE,
productively,,FALSE,
relied,,FALSE,
elicit,,FALSE,
mutual,,FALSE,
cognitively,,FALSE,
inputs,,FALSE,
planning,,FALSE,
performing,,FALSE,
recording,,FALSE,
complementary,,FALSE,
clearly,,FALSE,
linked,,FALSE,
degrees,,FALSE,
promise,,FALSE,
shares,,FALSE,
overcomes,,FALSE,
significant,,FALSE,
adjust,,FALSE,
carry,,FALSE,
troubleshooting,,FALSE,
vocal,,FALSE,
figuring,,FALSE,
leads,,FALSE,
minimal,,FALSE,
functions,,FALSE,
additional,,FALSE,
performance,,FALSE,
pairs,,FALSE,
rapport,JEDI,FALSE,
advantage,,FALSE,
full,,FALSE,
modifications,,FALSE,
adjusted,,FALSE,
fit,,FALSE,
circumstance,,FALSE,
allied,JEDI,FALSE,
thematic,,FALSE,
representation,,FALSE,
manuscripts,,FALSE,
antimicrobial,,FALSE,
microbe,,FALSE,
compound,,FALSE,
specialized,,FALSE,
equipment,,FALSE,
execution,,FALSE,
begins,,FALSE,
algae,,FALSE,
welcome,JEDI,FALSE,
sorting,,FALSE,
clicker,,FALSE,
strongly,,FALSE,
intensely,,FALSE,
frequent,,FALSE,
notebooks,,FALSE,
summative,,FALSE,
tests,,FALSE,
amounts,,FALSE,
unavoidable,,FALSE,
conflicts,,FALSE,
live,,FALSE,
conferencing,,FALSE,
quarter,,FALSE,
missed,,FALSE,
notebook,,FALSE,
entries,,FALSE,
inevitable,,FALSE,
arose,,FALSE,
sick,,FALSE,
picked,,FALSE,
supplement,,FALSE,
depression,,FALSE,
exacerbated,,FALSE,
civil,,FALSE,
uprising,,FALSE,
us,,FALSE,
took,,FALSE,
weighting,,FALSE,
lowest,,FALSE,
scoring,,FALSE,
quiz,,FALSE,
lower,,FALSE,
highest,,FALSE,
score,,FALSE,
higher,,FALSE,
cutoff,,FALSE,
points,,FALSE,
imbalances,,FALSE,
traditionally,JEDI,FALSE,
represented,,FALSE,
assigning,,FALSE,
ensured,,FALSE,
lastly,,FALSE,
unable,,FALSE,
geography,,FALSE,
constraints,,FALSE,
worth,,FALSE,
considering,,FALSE,
returns,,FALSE,
face,,FALSE,
infectious,,FALSE,
official,,FALSE,
policies,,FALSE,
influenced,,FALSE,
examined,,FALSE,
questionnaires,,FALSE,
committee,,FALSE,
indigent,,FALSE,
migratory,,FALSE,
consumptives,,FALSE,
california,,FALSE,
business,,FALSE,
owners,,FALSE,
hire,,FALSE,
migrants,JEDI,FALSE,
tuberculosis,,FALSE,
stigmatized,JEDI,FALSE,
lens,,FALSE,
suffering,JEDI,FALSE,
institutional,,FALSE,
hurdles,,FALSE,
genomics,,FALSE,
closely,,FALSE,
epidemiological,,FALSE,
investigations,,FALSE,
conducted,,FALSE,
fda,,FALSE,
cdc,,FALSE,
gline,,FALSE,
gross,,FALSE,
b,,FALSE,
puma,,FALSE,
zoldork,,FALSE,
m,,FALSE,
thinnes,,FALSE,
seracino,,FALSE,
j,,FALSE,
herrick,,FALSE,
annual,,FALSE,
meeting,,FALSE,
society,JEDI,FALSE,
virginia,,FALSE,
branch,,FALSE,
november,,FALSE,
wet,,FALSE,
endeavors,,FALSE,
autonomy,,FALSE,
navigate,,FALSE,
lend,,FALSE,
studying,,FALSE,
socially,JEDI,FALSE,
foodborne,,FALSE,
pathogens,,FALSE,
antibiotic,,FALSE,
resistance,,FALSE,
epidemiology,,FALSE,
demonstrations,,FALSE,
measure,,FALSE,
trajectories,,FALSE,
multipart,,FALSE,
underscores,,FALSE,
essential,,FALSE,
relationships,JEDI,FALSE,
dialogue,,FALSE,
participant,,FALSE,
empathize,,FALSE,
gary,,FALSE,
portions,,FALSE,
crucial,,FALSE,
dialogues,JEDI,FALSE,
relationship,JEDI,FALSE,
characters,,FALSE,
navigating,,FALSE,
informatic,,FALSE,
developments,,FALSE,
informatics,,FALSE,
trains,,FALSE,
sets,,FALSE,
enquiry,,FALSE,
return,,FALSE,
translations,,FALSE,
providers,,FALSE,
patients,,FALSE,
taste,,FALSE,
underlying,,FALSE,
advance,,FALSE,
personalized,,FALSE,
navigates,,FALSE,
changes,,FALSE,
mastering,,FALSE,
stepwise,,FALSE,
mindset,JEDI,FALSE,
supportive,JEDI,FALSE,
comprehensive,,FALSE,
leave,,FALSE,
confidently,JEDI,TRUE,
enthusiastically,JEDI,FALSE,
altruistic,JEDI,FALSE,
planet,,FALSE,
affirm,,FALSE,
locate,,FALSE,
authors,,FALSE,
references,,FALSE,
pbl,,FALSE,
leverage,,FALSE,
progress,,FALSE,
predefined,,FALSE,
description,,FALSE,
exploring,,FALSE,
paths,,FALSE,
contexts,JEDI,FALSE,
exposure,,FALSE,
inside,,FALSE,
upper,,FALSE,
assume,,FALSE,
refined,,FALSE,
quality,,FALSE,
experienced,,FALSE,
TRUE,,FALSE,
inequities,JEDI,TRUE,
miraculin,,FALSE,
inexperience,,FALSE,
miracle,,FALSE,
fruit,,FALSE,
exit,,FALSE,
exhibited,,FALSE,
tailor,,FALSE,
interpersonal,JEDI,FALSE,
margin,JEDI,TRUE,
sampling,,FALSE,
designs,,FALSE,
freedom,,FALSE,
dominant,,FALSE,
western,JEDI,FALSE,
variables,,FALSE,
flaws,,FALSE,
westernized,JEDI,FALSE,
miss,,FALSE,
generate,,FALSE,
westernization,JEDI,FALSE,
bioethics,JEDI,TRUE,
informed,,FALSE,
lagged,,FALSE,
decade,,FALSE,
clinician,,FALSE,
envision,,FALSE,
contemporary,,FALSE,
impacted,JEDI,TRUE,
advances,,FALSE,
advent,,FALSE,
weigh,,FALSE,
shapes,,FALSE,
playing,,FALSE,
foundational,,FALSE,
nested,,FALSE,
examine,,FALSE,
enrich,,FALSE,
projected,,FALSE,
discourages,,FALSE,
competition,,FALSE,
enhanced,,FALSE,
calling,,FALSE,
predicted,,FALSE,
interpreted,,FALSE,
original,,FALSE,
creative,JEDI,FALSE,
previously,,FALSE,
published,,FALSE,
reiterates,,FALSE,
side,,FALSE,
somehow,,FALSE,
opposing,,FALSE,
sides,,FALSE,
committed,,FALSE,
inclusiveness,JEDI,TRUE,
tell,,FALSE,
outcome,,FALSE,
impress,,FALSE,
investigation,,FALSE,
talents,JEDI,FALSE,
streptomyces,,FALSE,
hope,,FALSE,
investigators,,FALSE,
decision,,FALSE,
poverty,JEDI,FALSE,
disenfranchisement,JEDI,FALSE,
describe,,FALSE,
deem,,FALSE,
statement,,FALSE,
initiated,,FALSE,
say,,FALSE,
privately,,FALSE,
correspondence,,FALSE,
establishes,,FALSE,
soil,,FALSE,
isolates,,FALSE,
resembles,,FALSE,
bacterium,,FALSE,
reluctant,,FALSE,
interactive,,FALSE,
noninteractive,,FALSE,
adds,,FALSE,
documenting,,FALSE,
power,,FALSE,
international,,FALSE,
cooperation,,FALSE,
nationalities,,FALSE,
brought,,FALSE,
innes,,FALSE,
centre,,FALSE,
england,,FALSE,
contributed,,FALSE,
hee,,FALSE,
jeon,,FALSE,
hong,,FALSE,
korea,,FALSE,
mark,,FALSE,
buttner,,FALSE,
norwich,,FALSE,
uk,,FALSE,
discover,,FALSE,
vancomycin,,FALSE,
janet,,FALSE,
westpheling,,FALSE,
xianyang,,FALSE,
ni,,FALSE,
georgia,,FALSE,
athens,,FALSE,
promoter,,FALSE,
region,,FALSE,
chitinase,,FALSE,
household,,FALSE,
copy,,FALSE,
five,,FALSE,
arise,,FALSE,
treatments,,FALSE,
peptidic,,FALSE,
ulcers,,FALSE,
acid,,FALSE,
reflux,,FALSE,
protease,,FALSE,
inhibitors,,FALSE,
collaborating,JEDI,TRUE,
spatial,,FALSE,
toys,,FALSE,
games,,FALSE,
children,JEDI,FALSE,
slow,,FALSE,
train,,FALSE,
brains,,FALSE,
mental,,FALSE,
cpk,,FALSE,
blindness,JEDI,FALSE,
cognizant,,FALSE,
zone,,FALSE,
ecosystems,,FALSE,
pristine,,FALSE,
ecologically,,FALSE,
valuable,JEDI,FALSE,
participating,,FALSE,
criticized,JEDI,FALSE,
fieldwork,,FALSE,
heavy,,FALSE,
solution,,FALSE,
broadening,JEDI,FALSE,
hybrid,,FALSE,
move,,FALSE,
interfaces,,FALSE,
textually,,FALSE,
audibly,,FALSE,
reinforcement,,FALSE,
involving,,FALSE,
inclusively,JEDI,TRUE,
completes,,FALSE,
stations,,FALSE,
minutes,,FALSE,
station,,FALSE,
scribes,,FALSE,
repeated,,FALSE,
rotated,,FALSE,
article,,FALSE,
takeaways,,FALSE,
afterward,,FALSE,
reshuffled,,FALSE,
teaches,,FALSE,
unbiased,JEDI,TRUE,
solicit,,FALSE,
tracking,,FALSE,
spoken,,FALSE,
colonialism,JEDI,FALSE,
played,,FALSE,
collections,,FALSE,
decolonizing,JEDI,FALSE,
felt,,FALSE,
permission,,FALSE,
anonymously,,FALSE,
unethical,JEDI,TRUE,
puzzling,,FALSE,
ties,,FALSE,
justice,JEDI,TRUE,
alignment,,FALSE,
awarding,,FALSE,
moral,JEDI,FALSE,
primarily,,FALSE,
pogil,,FALSE,
personable,JEDI,FALSE,
caring,JEDI,FALSE,
break,,FALSE,
historic,JEDI,FALSE,
syllabi,,FALSE,
predominantly,,FALSE,
cell,,FALSE,
collective,,FALSE,
annotation,,FALSE,
cap,,FALSE,
openness,JEDI,FALSE,
papers,,FALSE,
really,,FALSE,
enjoy,JEDI,FALSE,
annotations,,FALSE,
schedule,,FALSE,
deadlines,,FALSE,
developmental,,FALSE,
neurobiology,,FALSE,
clarify,,FALSE,
stevens,,FALSE,
levi,,FALSE,
feldman,,FALSE,
presenting,,FALSE,
renal,,FALSE,
try,,FALSE,
c,,FALSE,
potentially,,FALSE,
variation,,FALSE,
subsection,,FALSE,
coefficient,,FALSE,
equations,,FALSE,
estimating,,FALSE,
gfr,,FALSE,
disadvantage,JEDI,FALSE,
kidney,,FALSE,
relative,,FALSE,
tqts,,FALSE,
transparent,,FALSE,
savvy,,FALSE,
translate,,FALSE,
facing,,FALSE,
pleased,,FALSE,
strength,,FALSE,
depths,,FALSE,
lengths,,FALSE,
author,,FALSE,
attend,,FALSE,
leading,,FALSE,
iterations,,FALSE,
collaborated,JEDI,TRUE,
brainstorm,,FALSE,
mentor,,FALSE,
handed,,FALSE,
tested,,FALSE,
multimodal,,FALSE,
blooms,,FALSE,
taxonomy,,FALSE,
analyzing,,FALSE,
draw,,FALSE,
cystic,,FALSE,
fibrosis,,FALSE,
genomic,,FALSE,
prevalence,,FALSE,
varies,,FALSE,
caucasian,JEDI,FALSE,
americans,,FALSE,
asian,JEDI,FALSE,
variations,,FALSE,
allele,,FALSE,
frequencies,,FALSE,
classified,,FALSE,
variant,,FALSE,
skewed,,FALSE,
frequency,,FALSE,
variants,,FALSE,
screening,,FALSE,
panels,,FALSE,
examination,,FALSE,
map,,FALSE,
flowchart,,FALSE,
depend,,FALSE,
artistic,JEDI,FALSE,
drew,,FALSE,
portraits,JEDI,FALSE,
curricular,,FALSE,
ifies,remove,FALSE,
entryway,,FALSE,
piques,,FALSE,
curiosity,JEDI,FALSE,
vast,,FALSE,
increasingly,,FALSE,
comics,,FALSE,
words,,FALSE,
communicated,,FALSE,
bilingual,JEDI,FALSE,
asl,JEDI,FALSE,
grouping,,FALSE,
size,,FALSE,
coverage,,FALSE,
phase,,FALSE,
confident,JEDI,TRUE,
outgoing,JEDI,FALSE,
cautious,JEDI,FALSE,
exploits,JEDI,FALSE,
endeavor,,FALSE,
immunofluorescence,,FALSE,
red,,FALSE,
green,,FALSE,
colorblindness,JEDI,FALSE,
schemes,,FALSE,
magenta,,FALSE,
localization,,FALSE,
magneta,,FALSE,
squirrel,,FALSE,
net,,FALSE,
national,,FALSE,
network,,FALSE,
belong,JEDI,FALSE,
exist,,FALSE,
commitments,,FALSE,
bringing,,FALSE,
seamlessly,,FALSE,
instance,,FALSE,
connects,JEDI,TRUE,
predictions,,FALSE,
foraging,,FALSE,
trade,,FALSE,
offs,,FALSE,
cookbook,,FALSE,
celebrating,,FALSE,
chances,,FALSE,
dominating,JEDI,FALSE,
conversation,JEDI,FALSE,
joining,,FALSE,
synthesis,,FALSE,
pick,,FALSE,
maximum,,FALSE,
duration,,FALSE,
productivity,,FALSE,
employ,,FALSE,
cells,,FALSE,
plated,,FALSE,
counting,,FALSE,
staining,,FALSE,
microscopy,,FALSE,
proficient,,FALSE,
intimidated,,FALSE,
unsure,,FALSE,
gather,,FALSE,
organize,,FALSE,
boost,,FALSE,
incorporation,,FALSE,
stimulate,,FALSE,
sustainability,,TRUE,
seafood,,FALSE,
watch,,FALSE,
stakeholder,,FALSE,
moment,,FALSE,
reporting,,FALSE,
traceability,,TRUE,
rhode,,FALSE,
island,,FALSE,
marine,,FALSE,
industries,,FALSE,
sector,,FALSE,
economy,,FALSE,
restaurants,,FALSE,
stakeholders,,FALSE,
basing,,FALSE,
menu,,FALSE,
restaurant,,FALSE,
authenticity,,FALSE,
accordingly,,FALSE,
significantly,,FALSE,
geographic,,FALSE,
reasons,,FALSE,
connecting,JEDI,TRUE,
fast,,FALSE,
chains,,FALSE,
disclosure,,FALSE,
sourced,,FALSE,
imported,,FALSE,
shrimp,,FALSE,
vs,,FALSE,
alaskan,,FALSE,
pollock,,FALSE,
north,,FALSE,
pacific,,FALSE,
cod,,FALSE,
manager,,FALSE,
placed,,FALSE,
acquire,,FALSE,
defined,,FALSE,
brainstorming,,FALSE,
micropipetting,,FALSE,
capturing,,FALSE,
wonder,JEDI,FALSE,
inform,,FALSE,
hela,,FALSE,
immortalized,,FALSE,
line,,FALSE,
derived,,FALSE,
cervical,,FALSE,
henrietta,,FALSE,
lacks,,FALSE,
biomedical,,FALSE,
immortal,,FALSE,
rebecca,,FALSE,
skloot,,FALSE,
detach,,FALSE,
divided,,TRUE,
mitosis,,FALSE,
attached,,FALSE,
division,,FALSE,
mitotic,,FALSE,
preconceived,JEDI,FALSE,
notions,,FALSE,
vaccination,,FALSE,
prevalent,,FALSE,
originate,,FALSE,
vaccine,,FALSE,
informal,,FALSE,
happens,,FALSE,
differ,,FALSE,
starts,,FALSE,
influenza,,FALSE,
multitude,,FALSE,
kahoot,,FALSE,
flu,,FALSE,
shot,,FALSE,
believe,JEDI,FALSE,
starting,,FALSE,
commonality,,FALSE,
maps,,FALSE,
enhance,,FALSE,
muscle,,FALSE,
axolotl,,FALSE,
embryos,,FALSE,
wise,,FALSE,
cooperatively,JEDI,FALSE,
rank,,FALSE,
occur,,FALSE,
clos,,FALSE,
ever,,FALSE,
requirement,,FALSE,
submissions,,FALSE,
embraced,JEDI,TRUE,
generating,,FALSE,
pictorial,JEDI,FALSE,
expressions,,FALSE,
whiteboards,,FALSE,
representations,JEDI,FALSE,
graphical,,FALSE,
broaden,,FALSE,
pool,,FALSE,
sample,,FALSE,
ones,,FALSE,
trying,,FALSE,
prescribed,,FALSE,
parallel,,FALSE,
eliminate,,FALSE,
introversion,JEDI,FALSE,
extroversion,JEDI,FALSE,
spectrum,JEDI,FALSE,
solitary,JEDI,FALSE,
overlooked,JEDI,FALSE,
celebrates,JEDI,FALSE,
thought,,FALSE,
understand,,FALSE,
indeed,,FALSE,
body,,FALSE,
managing,,FALSE,
binoculars,,FALSE,
spot,,FALSE,
keepers,,FALSE,
consulted,,FALSE,
merlin,,FALSE,
id,,FALSE,
kept,,FALSE,
keep,,FALSE,
transportation,,FALSE,
mobility,,FALSE,
scheduling,,FALSE,
amenable,,FALSE,
weather,,FALSE,
conditions,,FALSE,
complicates,,FALSE,
aside,,FALSE,
dedicated,,FALSE,
sites,,FALSE,
carpools,JEDI,FALSE,
ride,,FALSE,
limitation,JEDI,FALSE,
walking,,FALSE,
transects,,FALSE,
chair,,FALSE,
mentioned,,FALSE,
earlier,,FALSE,
remains,,FALSE,
records,,FALSE,
situations,,FALSE,
plans,,FALSE,
maternity,JEDI,FALSE,
residential,,TRUE,
neighborhood,JEDI,FALSE,
rejoined,,FALSE,
fits,,FALSE,
ebird,,FALSE,
appealed,,FALSE,
ethnic,JEDI,TRUE,
none,,FALSE,
skeptical,,FALSE,
evidenced,,FALSE,
tbl,,FALSE,
permanent,,FALSE,
conduct,,FALSE,
scenario,,FALSE,
defend,,FALSE,
vetted,,FALSE,
scenarios,,FALSE,
garner,,FALSE,
collegiate,,FALSE,
demonstrated,,FALSE,
racio,JEDI,FALSE,
positively,,FALSE,
disparities,JEDI,FALSE,
aaas,,FALSE,
overt,,FALSE,
organogenesis,,FALSE,
water,,FALSE,
readings,,FALSE,
downstream,,FALSE,
scenes,,FALSE,
mechanism,,FALSE,
grant,,FALSE,
establishing,,FALSE,
economics,,FALSE,
fine,,FALSE,
arts,,FALSE,
visualize,,FALSE,
outlines,,FALSE,
powerpoint,,FALSE,
t,,FALSE,
centers,,FALSE,
utilizes,,FALSE,
summarized,,FALSE,
cluster,,FALSE,
containing,,FALSE,
disciplinary,,FALSE,
cre,,FALSE,
loxp,,FALSE,
responsive,,FALSE,
dr,,FALSE,
geneva,,FALSE,
gay,JEDI,FALSE,
defines,,FALSE,
frames,,FALSE,
encounters,,FALSE,
gregory,,FALSE,
cajete,,FALSE,
mentions,,FALSE,
art,JEDI,FALSE,
subtle,,FALSE,
profound,,FALSE,
apparent,,FALSE,
contention,,FALSE,
philosophy,,FALSE,
cycle,,FALSE,
themes,,FALSE,
classification,,FALSE,
cyclical,,FALSE,
flow,,FALSE,
deeper,,FALSE,
linking,,FALSE,
cross,,FALSE,
congenital,,FALSE,
defects,,FALSE,
yakima,,FALSE,
valley,,FALSE,
affective,,FALSE,
began,,FALSE,
mapping,,FALSE,
incidences,,FALSE,
homeland,JEDI,FALSE,
yakama,,FALSE,
washington,,FALSE,
zebrafish,,FALSE,
lineages,,FALSE,
insights,,FALSE,
function,,FALSE,
purpose,,FALSE,
invited,,FALSE,
investment,,FALSE,
samples,,FALSE,
pets,,FALSE,
seem,,FALSE,
trivial,,FALSE,
exciting,JEDI,FALSE,
reaction,,FALSE,
bolster,,FALSE,
weaknesses,JEDI,FALSE,
breadth,,FALSE,
stimulation,,FALSE,
isolate,JEDI,FALSE,
co,,FALSE,
overcoming,JEDI,FALSE,
financial,JEDI,FALSE,
structural,JEDI,FALSE,
numbers,,FALSE,
validation,,FALSE,
raised,,FALSE,
sciurids,,FALSE,
habitats,,FALSE,
campuses,,FALSE,
america,,FALSE,
radio,,FALSE,
telemetry,,FALSE,
receivers,,FALSE,
locating,,FALSE,
nests,,FALSE,
burrows,,FALSE,
extension,,FALSE,
track,,FALSE,
collared,,FALSE,
avoiding,,FALSE,
timing,,FALSE,
ivvs,,FALSE,
stressful,JEDI,FALSE,
explaining,,FALSE,
privacy,,FALSE,
pages,,FALSE,
caption,JEDI,FALSE,
feature,,FALSE,
convenient,,FALSE,
blended,,FALSE,
array,,FALSE,
speciation,,FALSE,
earn,,FALSE,
scored,,FALSE,
message,,FALSE,
scheme,,FALSE,
inspired,JEDI,FALSE,
lively,JEDI,FALSE,
immediate,,FALSE,
photos,,FALSE,
symbolically,,FALSE,
giraffe,,FALSE,
conservationists,,FALSE,
deficiency,,FALSE,
simulator,,FALSE,
https,,FALSE,
coblis,,FALSE,
age,,FALSE,
geographical,,FALSE,
accompany,,FALSE,
attendee,,FALSE,
discrimination,JEDI,FALSE,
reads,,FALSE,
reflects,,FALSE,
details,,FALSE,
arounds,,FALSE,
dissect,,FALSE,
separately,,FALSE,
shorter,,FALSE,
prompt,,FALSE,
finelli,,FALSE,
circulate,,FALSE,
converse,,FALSE,
indoor,,FALSE,
budgetary,,FALSE,
seasonal,,FALSE,
visuals,,FALSE,
powerful,JEDI,FALSE,
unfortunate,JEDI,FALSE,
manually,,FALSE,
mouse,,FALSE,
delineate,,FALSE,
encoding,,FALSE,
turns,,FALSE,
numerical,,FALSE,
intensities,,FALSE,
metrics,,FALSE,
properties,,FALSE,
specimens,,FALSE,
sonification,,FALSE,
representing,,FALSE,
interestingly,,FALSE,
automated,,FALSE,
accuracy,,FALSE,
repeatability,,TRUE,
automation,,FALSE,
managed,,FALSE,
assets,,FALSE,
yield,,FALSE,
product,,FALSE,
facilitating,,FALSE,
willing,,FALSE,
lists,,FALSE,
aloud,,FALSE,
regression,,FALSE,
leaf,,FALSE,
cutter,,FALSE,
ants,,FALSE,
skillsets,,FALSE,
heterogeneous,,FALSE,
regards,,FALSE,
proficiency,,FALSE,
troubleshoot,,FALSE,
internally,,FALSE,
waiting,,FALSE,
desirable,JEDI,FALSE,
scatterplots,,FALSE,
linear,,FALSE,
regressions,,FALSE,
scatterplot,,FALSE,
s,,FALSE,
passively,,FALSE,
reviewing,,FALSE,
proofreading,,FALSE,
log,,FALSE,
logs,,FALSE,
submission,,FALSE,
evaluations,,FALSE,
pique,,FALSE,
inaccessible,JEDI,TRUE,
pay,JEDI,FALSE,
walls,,FALSE,
jargon,,FALSE,
told,,FALSE,
illustrations,JEDI,FALSE,
changed,,FALSE,
earth,,FALSE,
degree,,FALSE,
safely,,FALSE,
alter,,FALSE,
crossing,,FALSE,
biophysical,,FALSE,
thresholds,,FALSE,
purposeful,JEDI,FALSE,
planetary,,FALSE,
boundaries,,FALSE,
boundary,,FALSE,
operating,,FALSE,
assurance,,FALSE,
established,JEDI,FALSE,
visible,JEDI,FALSE,
variability,,TRUE,
serves,,FALSE,
compiling,,FALSE,
appoint,,FALSE,
moderator,JEDI,FALSE,
seat,,FALSE,
reconvene,,FALSE,
arrive,,FALSE,
infected,,FALSE,
isolated,JEDI,FALSE,
paid,,FALSE,
augment,,FALSE,
static,,FALSE,
textbook,,FALSE,
gilbert,,FALSE,
concrete,,FALSE,
symbolic,JEDI,FALSE,
gestures,JEDI,FALSE,
dimensional,,FALSE,
manipulative,JEDI,FALSE,
holliday,,FALSE,
junction,,FALSE,
happening,,FALSE,
resolution,,FALSE,
crystal,,FALSE,
schematics,,FALSE,
manipulate,,FALSE,
molecules,,FALSE,
coded,,FALSE,
chenille,,FALSE,
stems,,FALSE,
combinations,,FALSE,
dichromats,,FALSE,
trichromats,,FALSE,
textured,,FALSE,
animations,,FALSE,
expertly,,FALSE,
narrated,,FALSE,
paces,,FALSE,
tasking,,FALSE,
define,,FALSE,
gi,,FALSE,
recall,,FALSE,
conventional,,FALSE,
tasked,,FALSE,
assessing,,FALSE,
pharmacology,,FALSE,
footing,,FALSE,
ulcer,,FALSE,
susceptibility,,FALSE,
intersection,,FALSE,
insurance,JEDI,FALSE,
efficacious,,FALSE,
counter,,FALSE,
antacids,,FALSE,
whereas,,FALSE,
presumably,,FALSE,
proton,,FALSE,
pump,,FALSE,
calcium,,FALSE,
channel,,FALSE,
blockers,,FALSE,
antibiotics,,FALSE,
shelves,,FALSE,
grocery,,FALSE,
stores,,FALSE,
great,,FALSE,
alongside,,FALSE,
consumed,,FALSE,
teff,,FALSE,
chia,,FALSE,
quinoa,,FALSE,
woven,,FALSE,
surveying,,FALSE,
noticed,,FALSE,
kale,,FALSE,
avocado,,FALSE,
involvement,,FALSE,
assistant,,FALSE,
served,,FALSE,
motivate,,FALSE,
mostly,,FALSE,
dozen,,FALSE,
reporters,,FALSE,
showcase,,FALSE,
volunteering,,FALSE,
enact,,FALSE,
remainder,,FALSE,
predict,,FALSE,
proceed,,FALSE,
actors,,FALSE,
lessen,,FALSE,
noises,,FALSE,
percussion,,FALSE,
instruments,,FALSE,
output,,FALSE,
performers,,FALSE,
exaggerate,,FALSE,
movements,,FALSE,
captures,,FALSE,
invokes,,FALSE,
intelligences,,FALSE,
appeals,,FALSE,
bodily,,FALSE,
logical,,FALSE,
mathematic,,FALSE,
linguistic,JEDI,FALSE,
intrapersonal,JEDI,FALSE,
capabilities,JEDI,TRUE,
mindsets,JEDI,FALSE,
dissector,,FALSE,
embraces,,TRUE,
essence,,FALSE,
olm,,FALSE,
interface,,FALSE,
youtube,,FALSE,
khan,,FALSE,
academy,,FALSE,
promotion,,FALSE,
paramount,,FALSE,
organizations,,FALSE,
entities,,FALSE,
adopt,,FALSE,
standards,,FALSE,
celebrate,JEDI,FALSE,
cohesive,,FALSE,
societies,JEDI,FALSE,
anatomy,,FALSE,
occupational,,FALSE,
occupations,,FALSE,
covered,,FALSE,
enthusiasm,JEDI,FALSE,
excitement,JEDI,FALSE,
kinesiology,,FALSE,
biomechanics,,FALSE,
pertinent,,FALSE,
intend,,FALSE,
therapists,,FALSE,
pertaining,,FALSE,
skeletal,,FALSE,
dental,,FALSE,
nurse,,FALSE,
anesthesia,,FALSE,
physician,,FALSE,
correlations,,FALSE,
trans,JEDI,FALSE,
conforming,JEDI,FALSE,
paucity,,FALSE,
respective,,FALSE,
predominated,JEDI,FALSE,
men,JEDI,FALSE,
stereotypical,JEDI,FALSE,
educate,,FALSE,
nevertheless,,FALSE,
relevancy,,FALSE,
metabolism,,FALSE,
homeostasis,,FALSE,
maximal,,FALSE,
oxygen,,FALSE,
consumption,,FALSE,
anaerobic,,FALSE,
capacity,,FALSE,
basic,,FALSE,
normal,,FALSE,
statistics,,FALSE,
nchs,,FALSE,
citizens,JEDI,FALSE,
advocates,JEDI,FALSE,
healthier,,FALSE,
lifestyles,,FALSE,
colleagues,,FALSE,
families,JEDI,FALSE,
advocacy,JEDI,FALSE,
healthy,,FALSE,
subsets,,FALSE,
literacy,,FALSE,
determinants,,FALSE,
comradery,JEDI,FALSE,
reducing,,FALSE,
invite,JEDI,FALSE,
fittest,,FALSE,
posters,,FALSE,
convey,,FALSE,
least,,FALSE,
thirty,,FALSE,
jogging,,FALSE,
biking,,FALSE,
routines,,FALSE,
motivating,JEDI,FALSE,
stay,,FALSE,
hang,,FALSE,
injuries,,FALSE,
enriching,JEDI,FALSE,
experiential,,FALSE,
abstain,,FALSE,
proximity,,FALSE,
perhaps,,FALSE,
scribe,,FALSE,
propelling,,FALSE,
wheelchairs,JEDI,FALSE,
arms,,FALSE,
chose,,FALSE,
crutches,JEDI,FALSE,
assistive,JEDI,FALSE,
prompted,,FALSE,
exhaustion,JEDI,FALSE,
fatigue,JEDI,FALSE,
rapidly,,FALSE,
wheels,JEDI,FALSE,
moving,,FALSE,
rush,,FALSE,
somewhere,,FALSE,
exertion,,FALSE,
pedaling,,FALSE,
stationary,,FALSE,
bicycle,,FALSE,
wingate,,FALSE,
running,,FALSE,
treadmill,,FALSE,
consult,,FALSE,
evaluating,,FALSE,
ambulating,,FALSE,
attending,,FALSE,
periodically,,FALSE,
concerning,,FALSE,
suitable,,FALSE,
delivery,,FALSE,
engineered,,FALSE,
demographic,JEDI,FALSE,
package,,FALSE,
mindiff,,FALSE,
v,,FALSE,
n,,FALSE,
repetitions,,FALSE,
heterogenous,,FALSE,
homogeneous,,FALSE,
ugta,,FALSE,
formally,,FALSE,
oversaw,,FALSE,
ugtas,,FALSE,
gauge,,FALSE,
wore,,FALSE,
tents,,FALSE,
appropriately,,FALSE,
workshops,,FALSE,
focusing,,FALSE,
cognition,,FALSE,
sought,,FALSE,
weekly,,FALSE,
upcoming,,FALSE,
quarantine,,FALSE,
delivered,,FALSE,
pivottable,,FALSE,
implementation,,FALSE,
window,,FALSE,
zones,,FALSE,
seen,,FALSE,
whose,,FALSE,
spaces,,FALSE,
channels,,FALSE,
feeders,,FALSE,
hosted,,FALSE,
cornell,,FALSE,
ornithology,,FALSE,
identification,,TRUE,
pursuing,,FALSE,
carried,,FALSE,
remotely,,FALSE,
alike,,FALSE,
private,,FALSE,
workspace,,FALSE,
reassure,,FALSE,
typing,,FALSE,
chat,,FALSE,
appreciated,JEDI,FALSE,
suitably,,FALSE,
individualized,JEDI,TRUE,
thoughtful,JEDI,FALSE,
constructive,,FALSE,
explained,,FALSE,
unconventional,,FALSE,
lateral,,FALSE,
separate,,FALSE,
placing,,FALSE,
validating,,FALSE,
ltm,,FALSE,
ltms,,FALSE,
expanded,,FALSE,
longitudinal,,FALSE,
regulation,,FALSE,
excluded,,FALSE,
realistic,,FALSE,
lowers,,FALSE,
outline,,FALSE,
conclusion,,FALSE,
metacognition,JEDI,FALSE,
breaks,,FALSE,
didactic,,FALSE,
acting,,FALSE,
routes,,FALSE,
candy,,FALSE,
saturation,,FALSE,
curve,,FALSE,
measuring,,FALSE,
rate,,FALSE,
unwrapping,,FALSE,
absence,,FALSE,
bind,,FALSE,
fitting,,FALSE,
cited,,FALSE,
honor,,FALSE,
rails,,FALSE,
outsized,,FALSE,
surveys,,FALSE,
sources,,FALSE,
elected,,FALSE,
tilt,,FALSE,
ed,,FALSE,
clarified,,FALSE,
adding,,FALSE,
describes,,FALSE,
classify,,FALSE,
watching,,FALSE,
collecting,,FALSE,
classifying,,FALSE,
processed,,FALSE,
essays,,FALSE,
vertebrate,,FALSE,
fauna,,FALSE,
medium,,FALSE,
photographs,,FALSE,
charismatic,,FALSE,
broadens,JEDI,FALSE,
afford,,FALSE,
costs,JEDI,FALSE,
travel,,FALSE,
clothing,,FALSE,
diagnose,,FALSE,
deliberately,,FALSE,
ethnicities,JEDI,TRUE,
diagnostic,,FALSE,
collectively,,FALSE,
prioritize,,FALSE,
requested,,FALSE,
flies,,FALSE,
fewer,,FALSE,
relaxed,,FALSE,
phenotypes,,FALSE,
insufficient,,FALSE,
fly,,FALSE,
manual,,FALSE,
anomalous,,FALSE,
match,,FALSE,
initiative,,FALSE,
allot,,FALSE,
hall,,FALSE,
reserve,,FALSE,
wireless,,FALSE,
crowded,,FALSE,
halls,,FALSE,
happy,,FALSE,
strict,,FALSE,
keys,,FALSE,
template,,FALSE,
unknown,,FALSE,
flybase,,FALSE,
gbrowse,,FALSE,
procedure,,FALSE,
chemistry,,FALSE,
chemical,,FALSE,
waste,,FALSE,
handling,,FALSE,
elevates,,FALSE,
deliver,,FALSE,
paraphrase,,FALSE,
formation,,FALSE,
mix,,FALSE,
years,,FALSE,
production,,FALSE,
gaining,,FALSE,
assemble,,FALSE,
equalize,JEDI,FALSE,
attentive,,FALSE,
thrive,,FALSE,
evaluated,,FALSE,
experimentation,,FALSE,
disparate,,FALSE,
pieces,,FALSE,
totality,,FALSE,
salient,,FALSE,
paraphrasing,,FALSE,
gathering,,FALSE,
internalization,JEDI,FALSE,
difficulty,JEDI,FALSE,
meaningfully,JEDI,FALSE,
drawn,,FALSE,
lived,JEDI,FALSE,
sections,,FALSE,
baseline,,FALSE,
signaling,,FALSE,
scitable,,FALSE,
manipulation,,FALSE,
pathways,,FALSE,
touch,,FALSE,
cooperate,JEDI,FALSE,
accomplishments,JEDI,FALSE,
ethic,JEDI,TRUE,
audiovisual,JEDI,FALSE,
authoritative,JEDI,FALSE,
websites,,FALSE,
biointeractive,,FALSE,
appealing,JEDI,FALSE,
attain,,FALSE,
put,,FALSE,
lms,,FALSE,
spend,,FALSE,
draws,,FALSE,
dynamic,,FALSE,
daphnia,,FALSE,
deciding,,FALSE,
feels,,FALSE,
understands,,FALSE,
pcr,,FALSE,
rounds,,FALSE,
denaturation,,FALSE,
primer,,FALSE,
annealing,,FALSE,
foam,,FALSE,
binding,,FALSE,
hunt,,FALSE,
simulations,,FALSE,
struggling,JEDI,FALSE,
directed,,FALSE,
allotted,,FALSE,
complement,,FALSE,
explanations,,FALSE,
organizational,,FALSE,
complying,,FALSE,
algorithms,,FALSE,
stimulates,,FALSE,
kinesthetically,,FALSE,
biomap,,FALSE,
yields,,FALSE,
consequently,,FALSE,
micropipettes,,FALSE,
spreadsheet,,FALSE,
consist,,FALSE,
consistent,,FALSE,
enthusiastic,,FALSE,
teammates,JEDI,FALSE,
phenology,,FALSE,
per,,FALSE,
designated,,FALSE,
letter,,FALSE,
rotates,,FALSE,
questionnaire,,FALSE,
mid,,FALSE,
standing,,FALSE,
disagreements,JEDI,FALSE,
controversies,JEDI,FALSE,
discrepancies,,FALSE,
scores,,FALSE,
theory,,FALSE,
targeting,,FALSE,
watched,,FALSE,
recorded,,FALSE,
manipulations,,FALSE,
locus,,FALSE,
gateway,JEDI,FALSE,
barcoding,,FALSE,
jmu,,FALSE,
arboretum,,FALSE,
sorts,,FALSE,
proverbial,,FALSE,
backyard,,FALSE,
organism,,FALSE,
likewise,,FALSE,
outreach,JEDI,FALSE,
purposes,,FALSE,
meaningfulness,JEDI,FALSE,
users,,FALSE,
beetles,,FALSE,
beetle,,FALSE,
larvae,,FALSE,
fungal,,FALSE,
mycological,,FALSE,
referenced,,FALSE,
criterion,,FALSE,
standardized,,FALSE,
situated,,FALSE,
proclivities,,FALSE,
enable,,FALSE,
nonthreatening,,FALSE,
framing,,FALSE,
lyme,,FALSE,
strain,,FALSE,
silly,,FALSE,
putty,,FALSE,
handle,,FALSE,
attract,,FALSE,
preferentially,,FALSE,
located,,FALSE,
converger,,FALSE,
realm,,FALSE,
david,,FALSE,
treatise,,FALSE,
fall,,FALSE,
closer,,FALSE,
dimension,,FALSE,
abstract,,FALSE,
conceptualization,,FALSE,
perception,,FALSE,
qualities,,FALSE,
engineers,,FALSE,
conceptually,,FALSE,
instantiating,,FALSE,
executing,,FALSE,
pragmatist,,FALSE,
putting,,FALSE,
reflector,,FALSE,
observing,,FALSE,
subsequently,,FALSE,
handled,,FALSE,
mirror,,FALSE,
neuron,,FALSE,
imitation,,FALSE,
tapping,,FALSE,
cortically,,FALSE,
mirrored,,FALSE,
modifying,,FALSE,
methodologies,,FALSE,
scrutiny,,FALSE,
skepticism,JEDI,FALSE,
dense,,FALSE,
athletics,,FALSE,
render,,FALSE,
universally,JEDI,FALSE,accesbility
attachment,JEDI,FALSE,connection to STEM material
aiding,,FALSE,
san,,FALSE,
marcos,,FALSE,
wooster,,FALSE,
audiences,,FALSE,
responsibility,JEDI,FALSE,
missions,JEDI,FALSE,diversity of those who led space missions]\
leveraged,,FALSE,
deficit,JEDI,FALSE,
correcting,,FALSE,
filling,,FALSE,
pointing,,FALSE,
fostered,JEDI,FALSE,
enlarged,,FALSE,
crime,,FALSE,
issuing,,FALSE,
warning,,FALSE,
sometime,,FALSE,
abc,,FALSE,
news,,FALSE,
court,,FALSE,
never,,FALSE,
reported,,FALSE,
tas,,FALSE,
offenses,,FALSE,
perpetrated,,FALSE,
penalty,,FALSE,
articulate,,FALSE,
generator,,FALSE,
designate,,FALSE,
reporter,,FALSE,
shy,,FALSE,
forced,,FALSE,
woke,,FALSE,
earliest,,FALSE,
morning,,FALSE,
birthday,,FALSE,
closest,,FALSE,
z,,FALSE,
aggregate,,FALSE,
drift,,FALSE,
stronger,,FALSE,
probability,,TRUE,
fixation,,FALSE,
bean,,FALSE,
simulating,,FALSE,
interacts,,FALSE,
integrates,,FALSE,
amazon,,FALSE,
hydroelectric,,FALSE,
wider,,FALSE,
rationales,,FALSE,
mistakes,,FALSE,
interference,,FALSE,
validate,JEDI,FALSE,cooperative learning with peers
stemming,,FALSE,
misguided,,FALSE,
demographics,JEDI,FALSE,
spring,,FALSE,
winter,,FALSE,
parents,JEDI,FALSE,
fafsa,JEDI,FALSE,
applicants,,FALSE,
latinx,JEDI,FALSE,
hawaiian,JEDI,FALSE,
islander,,FALSE,
filipino,JEDI,FALSE,
hmong,JEDI,FALSE,
vietnamese,JEDI,FALSE,
capable,JEDI,FALSE,
infusing,,FALSE,
legitimate,,FALSE,
achievable,JEDI,FALSE,"connection to science, science identity"
reframe,,FALSE,
referendum,,FALSE,
tetrahymena,,FALSE,
preliminary,,FALSE,
sum,,FALSE,
improved,,FALSE,
explorations,,FALSE,
silico,,FALSE,
construct,,FALSE,
places,,FALSE,
outset,,FALSE,
irrespective,,FALSE,
accelerate,,FALSE,
populating,,FALSE,
pictionary,,FALSE,
catering,,FALSE,
pointed,,FALSE,
organizing,,FALSE,
exchanging,,FALSE,
voting,JEDI,FALSE,"student proivacy, safe learning space"
silently,,FALSE,
accountabilityand,,TRUE,
reinforced,,FALSE,
monograph,,FALSE,
pharmacy,,FALSE,
veterinary,,FALSE,
routinely,,FALSE,
recognized,JEDI,FALSE,"no. 113 - ""high impact active learning practices have been recognized to serve the improvement of attrition and retention of minority students (18)."""
attrition,,FALSE,
pipeline,,TRUE,
elegans,,FALSE,
mandatory,,FALSE,
electives,,FALSE,
seeking,,FALSE,
embedding,,FALSE,
commitment,,FALSE,
removes,,FALSE,
entering,,FALSE,
prerequisite,JEDI,FALSE,
genotypes,,FALSE,
genders,JEDI,FALSE,
races,JEDI,TRUE,
reviews,,FALSE,
occurs,,FALSE,
phenotypic,,FALSE,
measurement,,FALSE,
voluntary,,FALSE,
average,,FALSE,
stratify,,FALSE,
transgender,JEDI,FALSE,
disclosing,,FALSE,
disclose,,FALSE,
collate,,FALSE,
keeps,,FALSE,
listing,,FALSE,
dates,,FALSE,
differential,,FALSE,
certainly,,FALSE,
organellar,,FALSE,
genome,,FALSE,
requisite,,FALSE,
enjoyment,JEDI,FALSE,
mixes,,FALSE,
mingle,JEDI,FALSE,
leadership,JEDI,FALSE,
collegial,JEDI,FALSE,
anyone,,FALSE,
leader,JEDI,FALSE,"equal, diverse participation"
count,,FALSE,
traps,,FALSE,
releasing,,FALSE,
direct,,FALSE,
bowl,,FALSE,
excises,,FALSE,
catered,,FALSE,
visit,,FALSE,
tutor,,FALSE,
complemented,JEDI,FALSE,"""tutor complemented studet learning sytles/personalities"" - no. 105"
spotlight,,FALSE,
wrote,,FALSE,
spotlights,,FALSE,
picture,,FALSE,
equivalent,,FALSE,
accommodated,JEDI,FALSE,
enlightening,,FALSE,
refreshing,JEDI,FALSE,
inspiring,JEDI,FALSE,
personalities,JEDI,FALSE,diverse personalities
solid,,FALSE,
subjects,,FALSE,
good,,FALSE,
inheritance,,FALSE,
aligns,,FALSE,
communicating,,FALSE,
aligning,,FALSE,
press,,FALSE,
nonexpert,,FALSE,
interprets,,FALSE,
gta,,FALSE,
gtas,,FALSE,
sees,,FALSE,
coached,,FALSE,
facilitation,,FALSE,
tidbit,,FALSE,
graphics,,FALSE,
commons,,FALSE,
unsplash,,FALSE,
wikimedia,,FALSE,
comparisons,,FALSE,
aircraft,,FALSE,
flying,,FALSE,
simultaneously,,FALSE,
handler,,FALSE,
measurer,,FALSE,
collector,,FALSE,
sifter,,FALSE,
statistician,,FALSE,
graphic,,FALSE,
designer,,FALSE,
vertnet,,FALSE,
nationwide,,FALSE,
outdoor,,FALSE,
rich,,FALSE,
suburban,,FALSE,
near,,FALSE,
squirrels,,FALSE,
wildlife,,FALSE,
suite,,FALSE,
extent,,FALSE,
looks,,FALSE,
predisposed,,FALSE,
genetically,,FALSE,
epigenetically,,FALSE,
weak,,FALSE,
absent,,FALSE,
metabolic,,FALSE,
handful,,FALSE,
genes,,FALSE,
verifying,,FALSE,
underscoring,,FALSE,
ease,,FALSE,
sedentary,,FALSE,
obesity,,FALSE,
cardiovascular,,FALSE,
distribute,,FALSE,
maintaining,,FALSE,
predominant,JEDI,FALSE,
mode,,FALSE,
lecturing,,FALSE,
decreases,,FALSE,
maine,,FALSE,
wp,,FALSE,
uploads,,FALSE,
legislature,,FALSE,
pdf,,FALSE,
timber,,FALSE,
industry,,FALSE,
tree,,FALSE,
correlated,,FALSE,
temperature,,FALSE,
commented,,FALSE,
disadvantages,JEDI,FALSE,
potato,,FALSE,
farming,,FALSE,
specifics,,FALSE,
fertilizers,,FALSE,
chemicals,,FALSE,
coast,,FALSE,
kelp,,FALSE,
department,,FALSE,
photosynthetic,,FALSE,
grown,,FALSE,
terrestrial,,FALSE,
aquatic,,FALSE,
crop,,FALSE,
http,,FALSE,
ocean,,FALSE,
vertical,,FALSE,
farms,,FALSE,
feed,,FALSE,
thesalt,,FALSE,
farm,,FALSE,
biofuel,,FALSE,
fmars,,FALSE,
practical,,FALSE,
company,,FALSE,
preparatory,,FALSE,
ted,,FALSE,
talks,,FALSE,
captioning,JEDI,FALSE,
half,,FALSE,
mechanisms,,FALSE,
overarching,,FALSE,
justifiable,,FALSE,
emphasizing,,FALSE,
repeating,,FALSE,
sight,,FALSE,
interviewed,,FALSE,
profiled,,FALSE,
creatively,JEDI,FALSE,
distribution,,FALSE,
mimic,,FALSE,
substance,,FALSE,
debating,,FALSE,
editing,,FALSE,
edit,,FALSE,
evaluation,,FALSE,
enforcing,,FALSE,
gcat,,FALSE,
comparison,,FALSE,
imagining,,FALSE,
ongoing,,FALSE,
basics,,FALSE,
qiime,,FALSE,
command,,FALSE,
completely,,FALSE,
likelihood,,FALSE,
commercial,,FALSE,
viewer,,FALSE,
skip,,FALSE,
captioned,JEDI,FALSE,
nobody,,FALSE,
falls,,FALSE,
ups,,FALSE,
individuality,JEDI,TRUE,
plus,,FALSE,
add,JEDI,FALSE,
pride,JEDI,FALSE,
attitude,JEDI,FALSE,
stupid,,FALSE,
inclined,,FALSE,
triggered,,FALSE,
assembly,,FALSE,
respiration,,FALSE,
mention,,FALSE,
strips,,FALSE,
individualactors,,TRUE,
standard,,FALSE,
modern,,FALSE,
computing,,FALSE,
predicting,,FALSE,
clickers,,FALSE,
splicing,,FALSE,
eukaryotic,,FALSE,
six,,FALSE,
ucsc,,FALSE,
gep,,FALSE,
publicly,,FALSE,
ready,,FALSE,
universities,,FALSE,
noncovalent,,FALSE,
forces,,FALSE,
remember,,FALSE,
instructed,,FALSE,
site,,FALSE,
position,,FALSE,
motivated,JEDI,FALSE,
possibilities,JEDI,FALSE,
ecause,,FALSE,
examines,,FALSE,
complexities,,FALSE,
examining,,FALSE,
relatively,,FALSE,
precision,,FALSE,
predisposition,JEDI,FALSE,
categorization,JEDI,FALSE,
desktop,,FALSE,
disadvantaging,JEDI,FALSE,
weight,,FALSE,
drugs,,FALSE,
cyanide,,FALSE,
gas,,FALSE,
teachers,,FALSE,
setup,,FALSE,
unconsciously,JEDI,FALSE,
restrict,,FALSE,
exception,,FALSE,
innovation,,FALSE,
utilities,,FALSE,
excerpts,,FALSE,
collaborators,JEDI,TRUE,
looking,,FALSE,
latter,,FALSE,
reflected,JEDI,FALSE,
rgs,,FALSE,
rg,,FALSE,
fig,,FALSE,
majoring,,FALSE,
century,,FALSE,
ordinarily,,FALSE,
uncommon,,FALSE,
according,,FALSE,
association,,FALSE,
estimated,,FALSE,
million,,FALSE,
accounting,,FALSE,
attended,,FALSE,
underscore,JEDI,FALSE,
approximately,,FALSE,
pell,JEDI,FALSE,
grants,,FALSE,
varieties,,FALSE,
easing,,FALSE,
balance,,FALSE,
feasibility,,FALSE,
obtaining,,FALSE,
cytoskeleton,,FALSE,
combine,,FALSE,
wounding,,FALSE,
determining,,FALSE,
dilutions,,FALSE,
shizuka,,FALSE,
contradicts,,FALSE,
misconception,JEDI,FALSE,
follows,,FALSE,
predetermined,,FALSE,
unexpected,,FALSE,
cs,,FALSE,
hmms,,FALSE,
graphically,,FALSE,
mathematically,,FALSE,
truman,,FALSE,
math,,FALSE,
aural,,FALSE,
textual,,FALSE,
diagrammatically,,FALSE,
accepted,,FALSE,
weighed,,FALSE,
idea,,FALSE,
construction,,FALSE,
props,,FALSE,
optimally,,FALSE,
kindergartners,,FALSE,
maturity,,FALSE,
analogies,,FALSE,
toast,,FALSE,
reminded,,FALSE,
plurality,JEDI,FALSE,
diet,,FALSE,
eaten,,FALSE,
dietary,,FALSE,
analogize,,FALSE,
workflow,,FALSE,
quilting,,FALSE,
baling,,FALSE,
hay,,FALSE,
extended,,FALSE,
blind,JEDI,FALSE,
sequencing,,FALSE,
compete,,FALSE,
addressing,,FALSE,
formula,,FALSE,
realize,,FALSE,
assists,,FALSE,
organization,,FALSE,
paragraph,,FALSE,
ground,,FALSE,
rules,,FALSE,
invariably,,FALSE,
neighbors,JEDI,FALSE,
drop,,FALSE,
combining,,FALSE,
unfortunately,,FALSE,
ph,,FALSE,
pka,,FALSE,
intuitive,,FALSE,
unnecessary,,FALSE,
distinguish,,FALSE,
avoided,,FALSE,
accommodates,JEDI,FALSE,
lets,,FALSE,
inextricably,,FALSE,
coupled,,FALSE,
dogma,,FALSE,
similarities,,FALSE,
mutations,,FALSE,
earwax,,FALSE,
provokes,,FALSE,
chapter,,FALSE,
vark,,FALSE,
radiolab,,FALSE,
forward,,FALSE,
vocalizing,,FALSE,
convincing,,FALSE,
figure,,FALSE,
strengthen,,FALSE,
arguments,,FALSE,
cutthroat,,FALSE,
trout,,FALSE,
anglers,,FALSE,
west,,FALSE,
backyards,,FALSE,
everything,,FALSE,
recreational,,FALSE,
trails,,FALSE,
limits,JEDI,FALSE,
determination,JEDI,FALSE,sex determination
sensitivity,JEDI,FALSE,
calibrated,,FALSE,
deepen,,FALSE,
graduation,,FALSE,
widget,,FALSE,
factory,,FALSE,
ceo,,FALSE,
marketing,,FALSE,
guy,,FALSE,
fabricator,,FALSE,
compose,,FALSE,
balanced,,FALSE,
davidson,,FALSE,
assembled,,FALSE,
catme,,FALSE,
maker,,FALSE,
hour,,FALSE,
master,,FALSE,
fours,,FALSE,
hills,,FALSE,
hosting,,FALSE,
serpentine,,FALSE,
soils,,FALSE,
chinese,JEDI,FALSE,
miner,,FALSE,
camps,,FALSE,
gold,,FALSE,
sierran,,FALSE,
miwok,JEDI,FALSE,
peoples,JEDI,FALSE,
camp,,FALSE,
hunting,,FALSE,
trip,,FALSE,
managers,,FALSE,
parity,,FALSE,
interacting,,FALSE,
truthful,,FALSE,
constant,,FALSE,
translates,JEDI,FALSE,
playon,,FALSE,
perceived,JEDI,FALSE,
speakers,,FALSE,
judgment,JEDI,FALSE,
pictures,,FALSE,
accommodators,JEDI,FALSE,
intellectually,,FALSE,
prediction,,FALSE,
uninfected,,FALSE,
occurring,,FALSE,
particles,,FALSE,
passing,,FALSE,
mock,,FALSE,
petri,,FALSE,
dish,,FALSE,
infect,,FALSE,
eggs,,FALSE,
default,,FALSE,
holding,,FALSE,
opening,,FALSE,
inserting,,FALSE,
closing,,FALSE,
later,,FALSE,
easter,JEDI,FALSE,
convenience,,FALSE,
christian,JEDI,FALSE,
holiday,,FALSE,
exclude,,FALSE,
bags,,FALSE,
sewing,,FALSE,
kits,,FALSE,
ring,,FALSE,
boxes,,FALSE,
purses,,FALSE,
reacted,,FALSE,
brightly,,FALSE,
colored,,FALSE,
eat,,FALSE,
leftover,,FALSE,
candidate,,FALSE,
scientifically,,FALSE,
merits,,FALSE,
candidates,,FALSE,
genomes,,FALSE,
enormous,,FALSE,
snps,,FALSE,
snp,,FALSE,
surprisingly,,FALSE,
simulate,,FALSE,
carriers,,FALSE,
motion,,FALSE,
popularity,,FALSE,
benefitting,JEDI,FALSE,
drought,,FALSE,
tolerant,,FALSE,
vote,,FALSE,
applying,,FALSE,
receiving,,FALSE,
correctness,,FALSE,
combination,,FALSE,
satisfied,,FALSE,
profit,,FALSE,
scripted,,FALSE,
programming,,FALSE,
lovelace,,FALSE,
tragic,JEDI,FALSE,
arc,,FALSE,
alan,,FALSE,
punishment,JEDI,FALSE,
sexuality,JEDI,FALSE,
contributors,,FALSE,
complimentary,,FALSE,
exposures,,FALSE,
air,,FALSE,
pollutants,,FALSE,
demand,,FALSE,
sub,,FALSE,
fatherless,JEDI,FALSE,
snake,,FALSE,
reproduction,,FALSE,
resonate,,FALSE,
raises,,FALSE,
nine,,FALSE,
tables,,FALSE,
communicator,,FALSE,
organizer,,FALSE,
supporter,,FALSE,
composition,,FALSE,
pulling,,FALSE,
purposely,,FALSE,
meets,,FALSE,
walks,,FALSE,
lends,,FALSE,
pinecones,,FALSE,
interdependent,,FALSE,
annotated,,FALSE,
namely,,FALSE,
definitions,,FALSE,
maleness,JEDI,FALSE,
femaleness,JEDI,FALSE,
reversal,,FALSE,
mismatches,,FALSE,
genotypic,,FALSE,
dichotomy,,FALSE,
describing,,FALSE,
opens,,FALSE,
origins,,FALSE,
comparatively,,FALSE,
relate,,FALSE,
hormone,,FALSE,
immune,,FALSE,
protection,,FALSE,
ages,,FALSE,
reproductive,,FALSE,
orientation,,FALSE,Teaching material also addresses how modern reproductive technologies are applied to contemporary family needs and diversity of sexual orientation.
disengaged,JEDI,TRUE,
confused,JEDI,FALSE,
getting,,FALSE,
signal,,FALSE,
votes,JEDI,FALSE,
initiating,,FALSE,
prostate,,FALSE,
incidence,,FALSE,
institute,,FALSE,
breast,,FALSE,
die,,FALSE,
conflicting,,FALSE,
anticipated,,FALSE,
mouth,,FALSE,
search,,FALSE,
cavity,,FALSE,
fellow,,FALSE,
plates,,FALSE,
opened,,FALSE,
plate,,FALSE,
compliance,,FALSE,
mn,,FALSE,
cultured,,TRUE,
microflora,,FALSE,
flora,,FALSE,
wear,,FALSE,
protective,,FALSE,
bacteria,,FALSE,
pants,,FALSE,
toed,,FALSE,
shoes,,FALSE,
disposable,,FALSE,
gloves,,FALSE,
eye,,FALSE,
coat,,FALSE,
microbes,,FALSE,
mouths,,FALSE,
pooled,,FALSE,
pilot,,FALSE,
bt,,FALSE,
corn,,FALSE,
monarch,,FALSE,
butterfly,,FALSE,
differentiation,,FALSE,
alttext,JEDI,,